time,source,ticker,title,url
2025-09-08T04:11:58+00:00,Yahoo Finance,AAPL,Why TD Cowen Stays Bullish on Apple (AAPL) Stock at $275 PT - Yahoo Finance,https://news.google.com/rss/articles/CBMifEFVX3lxTFBsRFU0QzJfUjY4T2tuczlwM2RWSmdpdGVLeFZ4XzluODVyVWY2NXdXcWMtV181Skx3eUVfTlhYeFZnRXBLYUxtVVV6YUNpQ0MtT0hGcnRTdE1PVVFhVGpYbnRrd2FlYzJ1UDlldEJCQXRydVdvMV9xdVJnMTE?oc=5
2025-09-08T11:28:29+00:00,Seeking Alpha,AAPL,Apple: Technical Level Of $260 Before Year End Is Not Far-Fetched - Seeking Alpha,https://news.google.com/rss/articles/CBMipwFBVV95cUxQVjIzN2RnYkxHWkZ1cEp4Q1Q4eXNzcWRXXzNkck0zbUxhajN5NGptb1FHRVNITnNrbF9UN3hzUy00dmFQR1JPRVlGczh2WjM4aG9ITERNdWw5bnp5NWNYS0RLanBxOWRTOTBaNkRsNlkxMFdfa0lSVGJUcHo5cGg4b1JBMmN3b21FdENGMFUycUJYaFRZaGRNUXRSb2NEU21yazRFQ0cxZw?oc=5
2025-09-08T06:37:20+00:00,TipRanks,AAPL,Apple (AAPL) Hit with Lawsuit over Alleged Use of Copyrighted Books in AI Training - TipRanks,https://news.google.com/rss/articles/CBMirwFBVV95cUxOWE80SjFmRHBaQVZlN3MtQ0RhOG9LWXljMTVqdkl0MWV6bEN2ZzJFYWh6Y3Z4RVNOdUhrZU1zMmRzcmtZQ3VzYXdiNVFjek9MRFBReVNmS3JrdDNYeGE3eExtM3NiejJKWDFxZHJ6enhXRERIbTlRRFhfTXBnTGNNdUE5R2Y0UENnY0xsT2VjTlpSTTJHaC1uSlF2MVlTa0JLckY5SExKZHVheEhiNE9n?oc=5
2025-09-07T15:00:00+00:00,The Motley Fool,AAPL,Where Will Apple Stock Be in 3 Years? - The Motley Fool,https://news.google.com/rss/articles/CBMihgFBVV95cUxNN0ppdFE3YTFITHZUV2VzTk03Z0R0U2o1V2xJTFRjNDRFbDZ4aEZsRGhnZm9xVkQwdnktZFdLcHRFZ1dBVzJTN2g3MUFTazhEQ2xtOHM2ZDVZRk45MWtZcWxweWNDcVNIMHVrNzIxajZtZl9RT2JESGlZTmdSMm5odnFTN2hNUQ?oc=5
2025-09-05T05:14:00+00:00,Bloomberg.com,AAPL,Apple’s India Sales Hit Record $9 Billion After Big Retail Push - Bloomberg.com,https://news.google.com/rss/articles/CBMiswFBVV95cUxNN2VLRTZCekF2TC1TQS1GN3FlMTY1aXZVaEJZUHAwQVJ4YkVvTGYxUVpCT3F0cEVMYXdxa0tGZGF1am5SUVVrRmNNQnlQSXF1MHJzR2pYTy1ockd1bFJwcFFfME1WZEVpaXotYTdCRFdzaUNQSkk3VEVwV29WMDRNXzdCaVZtLXU4UkFRaXNKZWMtMHV6cjV6R0ozak5hZG5obndsUlJ6X280akR5aDE4SVVVaw?oc=5
2025-09-08T04:32:40+00:00,Benzinga,AAPL,Apple's Upcoming 'Awe Dropping' Event With iPhone 17 Air Draws Criticism As Commentator Daniel Newman Slams 'Lack Of Innovation' - Benzinga,https://news.google.com/rss/articles/CBMihwJBVV95cUxONWI4MUYxSWI5bEQyUGZiOWIwX0hwUVpnU0ZESE9RWWZ6akRpU3lPQmNueGdJN3hhVGdXeHlHSUREY2hjZVMxQUdpYXoxSDdyS2h3UFFWZWc0ZVlTRmpvZy1SX1dHYzBYTnFNbnJBRTZwZ190RGFIRG9DZjRVUDdDSnVJNFFiRFJWWXRZS2l1aDRUT3ZpZU1nYVF2ZC1lTWdCWkp2ZnNCV1Fpay00bUFQSy1UUm9GZ284WVVMSW9YTXczOUp0S2pnY2t6NTRRNmtMZFhPbzFnbkllX1dKZV8wUmFqSGhMVnptalh5YWZ1TmlsSnBrWDdUdGhrZUlodVhzaDdWTW05RQ?oc=5
2025-09-06T15:54:03+00:00,Yahoo Finance,AAPL,Jim Cramer Says Apple Inc. (AAPL)’s $600 Billion Investment In US Could Make Trump Ask Others To Do The Same - Yahoo Finance,https://news.google.com/rss/articles/CBMie0FVX3lxTE9ud3YxNlpEQjlsVk5yZUNzeXdwcm5tY1cxNlNJQllVS3dpaHFkVWpDYloyNVNfOWQxTnN6UXlfUDF6OU9mZVQzZDk4RGZJUS1XZTJrdkhkaVdncW1oY2pCdXhaejg4Nm9QWXotOGQ2WXgzbElubk14TngzMA?oc=5
2025-09-08T13:15:10+00:00,Yahoo Finance,AAPL,"Inflation watch, Apple event, S&P 500 rebalancing: 3 Things - Yahoo Finance",https://news.google.com/rss/articles/CBMiggFBVV95cUxNbVQ0UzdONC10ckpkLTFYYnhoVHVkYmwwQmRrSFptSFhldnlURzlHS2ktanQzSzZlZEJPaUI0LWZQNnVHOWRUZXFNNmlESXlGdVhCaFFZX0huWmFlZy1vOFBPM2hEUXlVOGh4ODFNNEZJX2dHaTVPZ1V4V3A5Q3FLbEFR?oc=5
2025-09-06T15:57:34+00:00,Yahoo Finance,AAPL,Insider Alert: Apple (AAPL) Board Chair Offloads $20 Million in Stock - Yahoo Finance,https://news.google.com/rss/articles/CBMiggFBVV95cUxNNDRwM0FMOXh4dTlEOXFaYk8xam5Pc1pMVlV0d1Y0QTBzYmpqSDMwMGJPNmtoSzBpQWFrVFN6NEpHOTFRclZDUjdkNXhmaVd4VDhZWFRkV3ptS094NEs2dFFtcndLNGhDQjh5Nnl6UlpfX2F6MnlXN2RtRm5Wekw1bldR?oc=5
2025-09-08T15:02:36+00:00,Seeking Alpha,AAPL,Apple could see revenue upside based on iPhone pricing: Wells Fargo (AAPL:NASDAQ) - Seeking Alpha,https://news.google.com/rss/articles/CBMipwFBVV95cUxOMUF0NGNwaklzWHAzWS03dE1NX0dOSWVWNnBJWW50eFM2YjBmSGFkSW51OHdGaWpQSFVDajNISVlSWE9CLVhtRExjZzB3WmZDQW9UT2dwaDl3c0JXQWE2V2o0RVRaX3dNOF9kNXp4TnJDNGc2NFZUdHdwcWNuR3NrUERPeGQ5ZzdTdzlHV0NzR3ZqMFRfd1JGQnl3OWd5d2M5Z2JJblZTYw?oc=5
2025-09-08T11:50:20+00:00,24/7 Wall St.,AAPL,Apple (NASDAQ: AAPL) Stock Price Prediction and Forecast 2025-2030 (Sept 2025) - 24/7 Wall St.,https://news.google.com/rss/articles/CBMinwFBVV95cUxOUXU2SzMyMVZPOUpZXzlFQl9xZTBfUWxzVEp0VW9OZ19saVBuY1NVQUlqSDRCalRBTXE4Y0kyajluMXBjRFkxakE1N1RPaWJHQVZZdkJSbTZlRzN5dzk3TVViTjdjS0xxd3U2c1VVVFQxNnhFQklXcTFCb3Q3YXpwYzF1bzFKZ1dSMUoyRGtmS2F4bGRYQVd2cXY2dHAzNUU?oc=5
2025-09-08T13:08:00+00:00,FXEmpire,AAPL,"AMZN, AAPL and GOOG Forecast – Major Stocks Look Upwards in Premarket - FXEmpire",https://news.google.com/rss/articles/CBMiuAFBVV95cUxNcFJhQ0dudnFCRjV1Q2ZWSmNMLWRiV1lpM2FWbEYtWGdsNkMtUTVFeW9QTzVMRzJ5R1kwQ19XVWliU1Vpem1KVl9PR2YwUkZfWDZzTERnTTBqbzJzcEx2dU52VXVyTmhQSTNwYzhuTzBTT0c2QWgtckpSaldVa2s1VjRuQWluV1JfYVRVaUNBeFJualpPVmJHSjFoZXBLYXpLRkJNamoxSURoRDA1Z1drelN6VFFpYmt4?oc=5
2025-09-08T09:24:22+00:00,Benzinga,AAPL,"Apple 'Back In The Good Graces' Of Trump, Says Jim Cramer: AAPL Stock's In 'Fantastic Shape' - Benzinga",https://news.google.com/rss/articles/CBMi1AFBVV95cUxQb0RoMW5TSWVGTXZ4R09nVXBaZHhZOFZIcXo4WklORGhhYXBEMUtCa2ptbmhSSklyVzJFRm9NMERRZXQ4N01KTjlLaWcwY2VRSDdzVlFrUTJBU3phVVFmdWhMTDM2dzBtc3JYaExGV3FPS2VaZUpqRWZ5WVdfRFlmTFMyYmE5dEU2V21Ya25fMTV2S0VYZ0ZQczh3d1BKcl9CZ0dBbjJ4QnVfWDZ6eGhBb01LRl9FTkJDNDFtRzVkWkJDNy1mUFAtWF9SbzdPejFRNXpVQQ?oc=5
2025-09-08T07:10:53+00:00,Investing.com,AAPL,Jefferies raises Apple stock price target to $205.82 on tariff relief - Investing.com,https://news.google.com/rss/articles/CBMixgFBVV95cUxPWjBqWXNDdGJnS1dWUjlMOUVscHRteW1TdWdHOVR1Sno5ajNGdjVPaGJhQ1NTYVVodjFZRHp3Y0V5ZnpmVS1aNkRzQnFjS1VwVTktLXpMODV4UzlGSXpQRmNCZ0pSV1JRMkQ0cmVPbkZOcjFyTl9fN2F3Q0diUDN3MHB2T3phQzNKNWFRdG9UaGl5YktSSlVGa3VjdzA2VkdCZnNWckppX3hySmhhYjRmbG1kYTJZY2VDUzRCLUlGLWgyWG9CVHc?oc=5
2025-09-04T14:48:55+00:00,TipRanks,AAPL,Apple Stock (AAPL) Is Upgraded as ‘Worst-Case Scenarios Are Off the Table’ - TipRanks,https://news.google.com/rss/articles/CBMiogFBVV95cUxQWDBCMGJjeWFETUVVR0RZRTJ3c21jaU0tb282RXNDN0ZRVlJzczI2M1JVTmdldzlOWTFLWndZaDlaakg5d2hjY2hnNW82Y21KU2dCbTRQaGxoRWFVcUxSYkJIN2ZneTliY3g0SXNWaUQ1MmFtOTFfVDNBU1lqOHNTYUc3OHhfYThEZm1YRFBKczV6T2kxemtrcGhCeVlfODRPVHc?oc=5
2025-09-03T10:46:21+00:00,CNBC,AAPL,Bank of America raises price targets for Alphabet and Apple after Google avoids antitrust breakup - CNBC,https://news.google.com/rss/articles/CBMikgFBVV95cUxPTGNnYmpBMTJONTIwYU9NSURoUDFpaEJTVTJnNWo5Sk5QbGtobjRaSlVobXJXT0JYVzFJamN4S0g4S3NrY2ZwNHZma0ZOSElaZDFGNmMyVlBXNExBaGxaVlNwT0tJUDl1ODBIN1M1bkpYZFc3cEhnS2dBWGtYVjBkVWVQWUU1ai1GZzdXYnFMSUxnZw?oc=5
2025-09-04T12:17:24+00:00,TradingView,AAPL,AAPL: Apple Stock Surges Nearly 4% on News of Launching AI Search Tool to Rival ChatGPT - TradingView,https://news.google.com/rss/articles/CBMi4AFBVV95cUxOaE55UkxXLUdWVEpTMHYyTG5WWktzQnhLcEZ4cWRvV3Qya3ZkYzA1cG9wUUdmVWtLZkNIMVJudnpPSDMwNTUteEhuQ0kzWTJ0ZDdFODJMdXlCSmlTSlhjcHhiY25iZ0hFOXdVdUF3VXhEN010UUZ4bzhCVHlQZmlOa0RyTG9zTzhSbDJYVTVvalhpT0pyNzd1N3ZsU0o5czVLUGRxNFBUejNUQ3lEdTMtOTFNZmVpZ3VHZjdQSlphcUwxWWk1cUo5MnJKWG5sNDhQMWdsN0R2eGtMSmdfbU0xdg?oc=5
2025-09-08T12:10:38+00:00,CNBC,AAPL,"Here are Monday's biggest analyst calls: Nvidia, Apple, Tesla, Palantir, Oracle, Chewy, Roblox, Alphabet and more - CNBC",https://news.google.com/rss/articles/CBMiiAFBVV95cUxQdjhTLWVaeUl3S1BvanBpaXVZQTFfSDZfeDJuMVpwSmZFc3VIcFFEODd2Qll0eHpGQUhTLTZ6T2c4MXcwdTNaZ2wtWmUxNFFxS2lsNTlUQlJBdjZzN21ObVRINFgzdkRic2xKR0hMSG54N2NtSEYydFVMbFdLWGVmaG54WXJsY2Uy?oc=5
2025-09-03T14:45:40+00:00,Yahoo Finance,AAPL,Why Apple (AAPL) Stock Is Trading Up Today - Yahoo Finance,https://news.google.com/rss/articles/CBMif0FVX3lxTE0yX2VSSGhNSzQzalZKSElYY0VsMk1BeXJqUVk5aFloYm1ueEhOMUs4QS1BVUxLQ2lKbzJ0a1hZNk9QbFA4R1UtZlFnYkh6Z3otbmFDdWVTRUxjcktnWExoNW95OEpZVDJBOV9xemxjWDRzNDJjUHd1QlM2aWZ3Sjg?oc=5
2025-09-06T10:21:40+00:00,Yahoo Finance,AAPL,Why Analysts See More Upside for Apple (AAPL) After DOJ-Google Ruling - Yahoo Finance,https://news.google.com/rss/articles/CBMif0FVX3lxTE5BWk9VNm00QTNqdHVpS0gtSkI3SVRaRGdKZGpIdm9lSWZWb24zcXA0QVJQTkVNOVJndFppOFFRT2VOTk9COFBGRDhhS09md1BGaGpPVXo1Q0hEM0w3dVJsU0RpaXdRd1VJZXdUaFktNUI5X0h2LVpEc2M0c0dQeTQ?oc=5
2025-09-04T22:56:41+00:00,Yahoo Finance,AAPL,Apple Stock (AAPL) Backed by Analysts Ahead of iPhone Launch Event - Yahoo Finance,https://news.google.com/rss/articles/CBMihAFBVV95cUxPU3JhYWJlV1FISWVTSjhHUWRjNGcxNEwwemNfRFlqYUFVaUhScHk0ZzdfRlBGOTN6N3p6OHpjZGk4TjkzSjZoNWdBWnZMUUJ2SjFZUjQtYWs5Z1AyaTh3SDdkR0s1ZTFuYkU5NzdfVHBJNWhteFQtMEFRc0NWR2k5N0JmYVA?oc=5
2025-09-07T17:54:22+00:00,FXLeaders,AAPL,iPhone Air Launch Propels Apple (AAPL) to $248 Price Target - FXLeaders,https://news.google.com/rss/articles/CBMinwFBVV95cUxQZnVDdWlVdDB6Q1I0ZXFVeGxFUFBvcVNUcF9NRjdDOEZoZVlTRjZwek1lVVNxekstcEh4ZklfU2wyajl6bjVTUVlmYjM1aWE0MUc3eWFNX00wUUNRY2I1d1JvalZUWGdzR0RSMUg1ZnJJandlbld1SUpwYzI1R19OblFqUHNkd3R1WnJQcXZ1aXQ2SENJQmFFenJwcWF4Yk0?oc=5
2025-09-03T06:00:00+00:00,TipRanks,AAPL,Why Is Apple Stock (AAPL) Surging Today? - TipRanks,https://news.google.com/rss/articles/CBMieEFVX3lxTE4zdUtSak12VW81NjFiTTBtYkVQM1lJVEZKQlZSTDZKdWhQdWFWX2ZjaWVKRTdyYklzN2FqQzdYa1lyTDdKTEU0VnZpMWI1dTNEN2hiSkVPN2pNVFh3N091UHc1QUtvUll1WWcwc3RkTEstRGdHUXdaeQ?oc=5
2025-09-02T18:19:35+00:00,Seeking Alpha,AAPL,"Apple's foldable iPhone, iPad likely to have ultra-thin glass: analyst (AAPL:NASDAQ) - Seeking Alpha",https://news.google.com/rss/articles/CBMiqAFBVV95cUxQTmp5SVJSVW8wanNMMVFROThKQ0l0Q3VxLUZzUHRjYlNsSVNlcEJrZEFSQTFNLVlPZDVXNnhQWS1BcVZYbXdnTHZ1N2F3MjBPMWdRdE8wOTJ2WHEwWllvOTRpdjZpTXJDQTE2X3BOdHVXRVNoZEMtbmlzbk5LN3d6RUpxU2c5MDQxOHgyYjRKbGpjQ2lUN2tUSW0zR1hRMTNidFVSeDhlNGc?oc=5
2025-09-06T17:49:56+00:00,Seeking Alpha,AAPL,Can Apple stock recover post Google’s court win (AAPL:NASDAQ) - Seeking Alpha,https://news.google.com/rss/articles/CBMijAFBVV95cUxQUDBIcWlQbU1vTTdQcUhCLXhBbjhDR2RMamE3VlJUVktpcFRKQTVYUjB5S2JSZ1VnYjFKRTEzSmFCOFJTb3J2T25EbkZYMk9zaEMtdmozWmdRNHZLVVk0X2ZmMVd3U1BkbXZ2U1BYRkZLU3RhNFRtbzYyOHA3ay1YVkJaeExUYnBLazh0Nw?oc=5
2025-08-30T07:00:00+00:00,Yahoo Finance,AAPL,Apple’s (AAPL) September 9 “Awe-Dropping” Event Could Spark iPhone Upgrade Cycle - Yahoo Finance,https://news.google.com/rss/articles/CBMifEFVX3lxTE5fZ2RfenhxLW50eDg1ZU82S1NhTWNFUXJVMG4yTHdfNGFsQlZHVnNLNFloc1dQNWJMclNuZml6ZTViSGEwUm10OXNiS1NoTHdfRnpKYWtJUVdabHlzbjJFVDFEZmZvZkQ5UDV0bWNpNDdNZzBITXY5UUtkTHM?oc=5
2025-09-05T13:24:24+00:00,Seeking Alpha,AAPL,Apple Stock: It's Still A Solid Buy Following Court Ruling (NASDAQ:AAPL) - Seeking Alpha,https://news.google.com/rss/articles/CBMimAFBVV95cUxQYWJ4MWRpYkJYRUlISy1BeXJGMk9XLXdPLVBmZ2lBaWFaT3hqUnE0SDhEWlJqSmJ0UVJZVGptb002RFJmRVE3RlVCQ00zSmZMMHh2WWNad2xCRTBVM3J0d3owRWNaV2xTOUtFLWdHRDBIM3VKamV6clVraWJjV0szN2NVbmhPNEZwQ3BDakRQbXNjU2JsbGJDbA?oc=5
2025-09-04T18:26:25+00:00,Seeking Alpha,AAPL,"SA analyst upgrades/downgrades: MSFT, AAPL, MRVL, and NIO - Seeking Alpha",https://news.google.com/rss/articles/CBMilAFBVV95cUxQVnpFenlIdDRkQkpad2l0VWVILWZhLUh3V3NIeDhQS3FjdVQ4X0paVTZNclZoTnFUWmxHbHo2Z09XUjVlY3lBcEdWNWVUazE2MnZaWUV6dW5FS0VzQnhXSFEtSEpQcTVVNElpMmlScnRtbEkwbzJvVExmSGw4RjRzQ0o4eWlDTVU1NXcxSk85aHc4NnpO?oc=5
2025-09-03T14:46:00+00:00,Quiver Quantitative,AAPL,$AAPL stock is up 3% today. Here's what we see in our data. - Quiver Quantitative,https://news.google.com/rss/articles/CBMinwFBVV95cUxOdkpEQzNQRWpHclN5dkJRcy1tUF9OSDdMemxLN1RpMnp0QUFrYjE1OVJudFUxZEl0YzRUbjRwSklPREF5QkxWcUdjS1JHNUpYRW1TRVFzVmlRUVZYS2ZXbXEyem5OLV9WODEyaVRDc1VtLXZUUHh3c2R6ajZpc0VVNGs4T0pWRW92NU14MHoxODUzVmhQZGpNTWdCUnRMTnc?oc=5
2025-09-04T15:50:00+00:00,Yahoo Finance,AAPL,"Buy, Sell or Hold the Apple Stock Ahead of the Sept. 9 Event? - Yahoo Finance",https://news.google.com/rss/articles/CBMie0FVX3lxTE1YOFNuRE5YcEhWd2o2THczdWw5cXgwY3lvRmdZdmJ1RnZNZ0lqZlc3ZUI3SzZpMnpjdGFybXdsenlUN2JTdUFnMTZBMG5ZNURBeG5FaHVfbURwNEE0OUZsZ1cxS29tdEFlWFd1cXp0X2p0SEFIWkNtYXRtcw?oc=5
2025-09-04T22:36:13+00:00,Seeking Alpha,AAPL,Apple: Why I Am Upgrading To Buy Despite Headwinds (NASDAQ:AAPL) - Seeking Alpha,https://news.google.com/rss/articles/CBMilAFBVV95cUxNdFZSRTdtTTV6ZTFGNHBOazZaak94ak5ZeGliV0c2U3B2UHAtRDNvcW43TzhEQnQwdHNTX2FkSFpnRlJjNmNGQW1DQ0JKNjNuRW9sZlZCWFpYTGljV2hhTHIwQ1RoNUt4dTlmNHNkaXBOUnU2VzN5a1J1N3hIcU9wNlhJTFR5eER0SU52anJuakRxMmNT?oc=5
2025-09-04T20:11:15+00:00,tradingnews.com,AAPL,Apple Stock Price Forecast - AAPL Price Near $239 as AI Catalyst and Google Deal Reinforce Growth - tradingnews.com,https://news.google.com/rss/articles/CBMiiwFBVV95cUxPQ1dXcUZxMGVzLWsxb1FSX1FRbmNhX0djOWNLV1VvQTlLeVVhZXN4cHZDbUd1UzlYMDRJWVc4NEVPSG1nRm9zbTRYYkV3SWJFdEdURUw4c0JlOGhqOXZrcXhOZmFNWUJ6VUFNcTY3MENrSHZXUVJQbHgzQ1V1OVoyb1Q4THlvRHVhQkJJ?oc=5
2025-09-05T05:43:45+00:00,Seeking Alpha,AAPL,Apple’s India sales reportedly hit record $9 billion (AAPL:NASDAQ) - Seeking Alpha,https://news.google.com/rss/articles/CBMikgFBVV95cUxPWFVvQ1lqQ2UxZG5qMUZod195SUN3ZnZTREo2VVNFQmRkMDhfMWxXcVhHUFlWSEpZRFpjZ1NJQzE4NmxXZnFtZDlISXZtZUlWWk1WTnBFVTdNejI3bTM3Q1ViNk1YaVIyNWd3czc4UndycVRLbUVoVUxyc2pJdXdpYWZZUE9hT0h0YXRCSHlqYVBodw?oc=5
2025-09-04T23:02:23+00:00,CryptoRank,AAPL,Apple (AAPL) Stock Gets Forecast Upgrade Before iPhone Season - CryptoRank,https://news.google.com/rss/articles/CBMingFBVV95cUxPUnFaTVBXWW1HM0FTWHZ4TDVDLUlZdEo3RDJXQmRGNFY5NkhnTUkwcUUzeGVXWkZrMXI3QklZZW5Wa3NJMEtyanRRRDExVVpmVDNEUGNwbUZGUmltVDNmWVZpdG1DY3JWZVNRWTZaRFZZeTU0SmExamR2dUxPeU1PUkI2bkZyTVlwa3hDanhMYlpUSXgwWWtka2NMc24zZw?oc=5
2025-09-05T16:37:52+00:00,Yahoo Finance,AAPL,Apple's Big Event on September 9 Could Be a 'Game Changer' for AAPL Stock - Yahoo Finance,https://news.google.com/rss/articles/CBMif0FVX3lxTE9tVE5rc1ozX1FpdEVmVVVSZ0pmN0dDVUhnX3RxSFhVbG56cURJMktFMl9EWDNTMUNUdzdIb3J3TjBKYzZpZXdGd1E2UWRLa2hCSVpsbjRYUGVVRjJiQkJuQlp1dnF5eHhYdGQzTThrY21VTHhvQVdDR002Yk1vMXc?oc=5
2025-09-03T14:04:00+00:00,Seeking Alpha,AAPL,"Biggest stock movers Wednesday: GOOG, M, AAPL, DLTR, SKLZ, and more - Seeking Alpha",https://news.google.com/rss/articles/CBMilwFBVV95cUxOVF9PclktdE4xd2FEYlVheEFNekFFTWFMM3FjUlBTby1xUEpYSWRyMlBFTEVfUV84ckYxbVlDT2VQcGJkbWp5X3A2YjBDam5xUGdJZjdTa2Mxcm1fYk1FVmFvbUdrUXZQVGFwLXJ2NHVZRG1ITDZ1aHlzNjBzMTRzVUIwVk5DSzMtWEpFNkVHeElqS0tibnRz?oc=5
2025-09-03T14:35:04+00:00,Seeking Alpha,AAPL,Apple: It’s Time To Buy (Rating Upgrade) (NASDAQ:AAPL) - Seeking Alpha,https://news.google.com/rss/articles/CBMifkFVX3lxTE5KNHpDLWNFQmlia3hYblRKUFVfWldad2NlVHF2UFNpaFNMdEpzRVM1XzlSQ09QSXNNVGF6cjZsUlFXT0pNV3pXMlZOTEFLUHhZSEpxUURrQkdZUHdxbmxFTUQ4OUlZWEhjYmxKTkM3ei03WmZwb09pcUt6aVAtdw?oc=5
2025-09-05T19:51:01+00:00,tradingnews.com,AAPL,Apple Stock Forecast – iPhone 17 and AI Push AAPL Targets $300 - tradingnews.com,https://news.google.com/rss/articles/CBMimwFBVV95cUxOYTN0aWxTdUc3ZDBPM2haOHRXLU5uLXI2bFRnd0hkNjluWUlzZGFxakdyd3Fxa3hudGJfTmtOS2cwbHVCVXlfSzNDUE5SZjR0VWxoMkI4MnpjR3k1N3lRNXI5Y28ya3RNSHNuTy10VW9WM1ROZmNXajZ3Tlh5LTRielBhQVlLSUFDa1pJUV8tZm1Yb25hWkFIai1Qaw?oc=5
2025-09-02T22:03:00+00:00,CNBC,AAPL,"Final Trade: ULTA, AAPL, BABA, GOOGL - CNBC",https://news.google.com/rss/articles/CBMigAFBVV95cUxNY29vWGlqN1pMRnBPSjExbG54NGNNajZzZUZhUzVvWGxFR0tQenNFMnlCV3BGbHQzZTJyNTY0VDdsRHNZd19ZSEJtRU5Zc2JHWFlqbGwycWhlU1BZbWtLa2dBQXRLY0QtcG9ZWURENU5mOXRqRjFoSmdobXBvdm15Uw?oc=5
2025-09-08T09:45:41+00:00,StreetInsider,AAPL,Active options: TSLA NVDA OPEN AVGO PLTR AMD AAPL MSTR HOOD - StreetInsider,https://news.google.com/rss/articles/CBMiswFBVV95cUxNMWtQN3VXdWhrS0toQ0praHhaX05OMkd0cU5GX2V5UmxrM0hENGZiQW5LVmFzS2ljeDFhMk55TnZOQzBlVVlVZFdNRDZ3U2EwTmdOX0tPYmdXaUdYZTV6WTl2ZTlkdXJ4cmlWM1FYcVVVNDF0Wm1fUFFhb3RKam1WSVNXVnRiSVdFMGZDaHR2MGM5RzNhWVk3WjFDVm1FbFN6U3J6aHhuT0F3X3NGcmI3S1RiYw?oc=5
2025-09-05T13:00:00+00:00,Seeking Alpha,AAPL,One Of Apple’s Most Scrutinized Services Could Soon Silence Critics (NASDAQ:AAPL) - Seeking Alpha,https://news.google.com/rss/articles/CBMiqwFBVV95cUxQeTRXdDUxZmtfOXpOQWkxZUhhWEVYWnVOS3RsdV9pcXRjRXdlYzQ3NnQybjFJeTRUbFhYUkRXTVZZdXBEaklsNkNMeGhZQVZ6TTZadVNVaDVEMDVnMGVOM010aEVveWxaTUlTSWNNdk50dnVoYU5TSW5TcFM0Z0RSZTFhUEVoTklCNDREUmwwOGVIYzJvUUlzdWE1NWZuR1dkSUJLVlU3SEQxRm8?oc=5
2025-09-03T18:03:42+00:00,AppleInsider,AAPL,BoA hikes AAPL price target to $260 after Google antitrust ruling - AppleInsider,https://news.google.com/rss/articles/CBMitAFBVV95cUxONlJoU2haSG5nOUpjNldNYko0cnRtTmVIQTVNSGN4MFh4ZG5hVTlTSk02LUxoQVhkaHg2TlFzUkJvb2htcG5SallxVHRYSGJYSXBWZHZZTU1GaWxFSm96ME9JQlF3NHNBQVZIRlZYM1RZaVpEUDQyOGV4OE1Oa3JrMFNLcUFJTTBpVHhqR1Y5SlVvRGNDYnFTOXhMS1BLTXJwX0M5RndOd3RUc3QwQU9SbU44QXY?oc=5
2025-09-03T20:03:29+00:00,tradingnews.com,AAPL,Apple Stock Price Forecast - NASDAQ:AAPL Shares at $237: Antitrust Boost vs AI Lagging Risks - tradingnews.com,https://news.google.com/rss/articles/CBMinAFBVV95cUxPUmdiQTVld0R3N3U0cjJpQUlPamxqaEhJYncxbmRUZ19zQ0RPQmhsRHc1WHJveFR6bGhJZGJzOUk4Wkt2Tmt3MU9Pc1RlYkZYcW82UXFjLTdnakpHT05sTmJXaWlrU1A0SDNNSWZ2QTA0ZWwzQUdYZkdnQmliRE5lZDFFT3RfOFVBUWRjZkdFdTNKLU1TTkpTWWJWRjU?oc=5
2025-09-04T11:44:52+00:00,MSN,AAPL,Apple (AAPL) Stock Gets $245 Price Target Ahead of Earnings — Here’s Why - MSN,https://news.google.com/rss/articles/CBMi1gJBVV95cUxQM21kRGVCSlZYOEc3dmprbkVyYXNscWRJMzcwZ1RlQ2hlZkRmdnBiUlAxRklKZzd5NU1CalROZFFWQ1J2S25PV2c2cVEzeXZvT3ZHdHJsanQyeEYtV09TX1BoUDNVLXB5NWM5T21VU0hMM2ExYkhpQWU2V0d0am5oWUxSUjNCcXdjQkV4QVB4bURqa2hET2ticmh6UUlQcEpDZWl4VmlnbzRRR09YVlZuMDlEYjlmUFZpNEpNUW1BMFdSaE4xQkdvdXd2TFg5V1NPV0RxRFFrVTljMnM1X1pmOHQ1WVpRVHNqVDMwb0FQaFNsMFVkZ2ZjaVUzUnROVFZ2amFLVFBiOFpLT0cwamR5cVN4c05QOWxkY1pNam9NV3N1QVpNMGhNMFplSTRYNGNPV2VhVzhNYml3SEcyVzFyWEJIMU1LOWlYV2Y0VmhjVElaRHpwb0E?oc=5
2025-09-02T05:07:50+00:00,Yahoo Finance,AAPL,Apple (AAPL) Partners with TuneIn for Global Radio Stations Distribution - Yahoo Finance,https://news.google.com/rss/articles/CBMihgFBVV95cUxQc2QzQmNOMjljbGRIRVMzWl9wd3lQV2Uyd3QzNUdfb3F4cTB4b0lKajlUM0hta2pBUWZ1Z1JwOUo3LS1SX3Z0NUcyRk9pZndJeGx5MTNrbTJtbmxIMVNSenpsTjBwYWxpdXU1Qk01WGJjdHc1eHJ5NUQ0elZneGNfd2lxVXlWUQ?oc=5
2025-09-05T18:30:49+00:00,Seeking Alpha,AAPL,Apple: Sell While Ahead - Weak AI And Mature Markets Signal Caution (NASDAQ:AAPL) - Seeking Alpha,https://news.google.com/rss/articles/CBMiqAFBVV95cUxPNlYtQVRYZEloQ1ZsR3M2alpXUWV5aEJNTkc0UW51cG5BSWFMeHJMd3Y3dVhyMXdabGxBNzNncEZ1WlhIdWFraGRCRjBCMldMWE1tai1YNGJzNnl5SVdfY3B5cUdYSVhJY1p3RmVrZzdlTWk4ak5tVk1lSWJqb3ZSRWVrSTZqYlluUWdQazJsdWJhUVhVOWloVHppaXNmLVBzZGFLSzdCdW4?oc=5
2025-09-05T08:37:30+00:00,TipRanks,AAPL,Apple (AAPL) Hits $9B in India Sales — Is This Just the Beginning? - TipRanks,https://news.google.com/rss/articles/CBMilAFBVV95cUxOdmVRSXp6QTJfQ19OVEhfTDN3YTZRQnROamRqR3ljcGl0dTJzWEdRcjhkMkJNSXFvM3FoY0FWTVhOOVBqaWQxdUpqaUlBX3FOVXhTRm04bkNUS1RIMVFGMEZSNV9WWG83Ny1kVGlUS0Nlb21ad1V1Wkt1MVAzenhpcDdRMkJybVltVmxlV00zUmlYenA5?oc=5
2025-08-29T16:24:04+00:00,CarbonCredits.com,AAPL,Apple (AAPL) Stock Sees Trading Spike on Product Buzz and Strong Earnings - CarbonCredits.com,https://news.google.com/rss/articles/CBMinwFBVV95cUxQRkFiNHRIMnlyOEpPTXZUNWJ0cW9jeC02bW90ekdUVm1WcDNpbThxSTVIWmtCeVJCT3FYNnZyVVMzX045UjFuY1gyOXJIZjJyenNJUTBsM1pYeFBMQm1sQXBiSVNVbWNhN20xbGVfLUdzY2U2dmRsNGZ4ZDlaZGtVMGx4N1NpelNOM01CSEpRb1d4dWVYMVBwaVJYMDZIMXc?oc=5
2025-09-04T21:16:39+00:00,TradingView,AAPL,$AAPL: Google Deal Shields Margins — But $490M Settlement Still Casts a Shadow - TradingView,https://news.google.com/rss/articles/CBMizwFBVV95cUxPMF9ER2dYbndnaXFlYmNaZUhRNFZvUlg1SHNLaDBVWWR5bDRJOXdzdU9nS3F5QVRnc0ZLNmRpVXpoX3ZDWk1IRk95RWJ5NWlBQ0NtYk5FTU1ob0NEXzRteVQ3dzB4VWoxczY1LXNsSkV5ZWZiOHlYTWFnY2hUQm1KTlpGVzRQSkVUSXI0eWd6MnZIcmhvWnNyamFhLVZGV0xCOHF3TmVWNjVERXlVNzdsZ3hWeVNBYjVpRWFiVEdmTUlBV2NzODhtTjk1dVZuYnM?oc=5
2025-09-04T21:19:23+00:00,TradingView,AAPL,$AAPL: Peer Gains Highlight Growth — Yet $490M Settlement Still Lingers - TradingView,https://news.google.com/rss/articles/CBMixgFBVV95cUxQTUZkbjlJMldkY01IMmhfOWVqc2VhNE5JTVVvSmY0b2RsQ0lXNnd0aG5RUU1PN0lyWXR1Vmxfd0FSV2hrWDFNblY1NkZCQllPUWw4RUQ2ZUhEOE5ZSktlTUUxZ3pKMHRHdEx4aVB1alJiOU11VU1iYm9MWnluZTNXUDdrTC1xcTVOODMzRTZESXdwZmhxRFZkZ2JyVWV5dFRBU2VveC1PdnlrS1B6VjlIMUJOYmtaQWNYYkFNUEZ6Zlg2cmhOZnc?oc=5
2025-09-03T14:21:15+00:00,CoinCentral,AAPL,Apple (AAPL) Stock Jumps 4.3% After Judge Clears $20B Google Search Deal - CoinCentral,https://news.google.com/rss/articles/CBMimAFBVV95cUxPQUctY0VzMTQ5cmx5aGdUSHp0YTBDdzZObXhld2RYT05MbU8xd0lSbm5fVVdpeW1WZU5tTVJOdmtUcGVwTjhsYXJGcTd5bUc4eUd3X0FfLUxVVGJJcTd6RXJBS25zdkNtekJaLWg0Ny03NG5wSjY4N3ZHYTNfTkg1dTVQcE83b2JQRDRtVVh1Ykpob1RkaDJ3RA?oc=5
2025-09-02T19:38:00+00:00,Nasdaq,AAPL,"Notable Tuesday Option Activity: AAPL, ETSY, PLTR - Nasdaq",https://news.google.com/rss/articles/CBMihAFBVV95cUxOZVU3TGNydFV2OUhxZmJHVU0yVUxmTTZldVdndzJOYnRsVEt4M1pLQzI3Qk0zRkRRSTg3VkdPN1RNUVNWTHhXVHBDQUZ6c0QyeVJaZk1VcEl0SEtYNEFRLXJNN1ZXUWFpRF9NcFBTZnVnWlB3WXVpUFJXckczQWFCTmtEQTM?oc=5
2025-09-04T13:50:15+00:00,AInvest,AAPL,Assessing the Investment Case for Apple (AAPL) Amid Rising Analyst Optimism and a Shifting Macroeconomic Landscape - AInvest,https://news.google.com/rss/articles/CBMixwFBVV95cUxQenoteHpqaVNKQ1lxbjEwTkdLNHBiaXdyY2dRdFo3ZFg0YW42dUE5dXllclpZMEdNeVFxTmt3Si15UDZYdm11X0xOSkM2WFVBMlVaaF8zd3N3QXpyYjNLeDhuYUttZm81X25NbGI1QTYxdTNhR29WV2JlUE9MN3RMNU1GZDByWmVkQTl3bnBtSFZxcmt4TUNnLTF6cl9qeEQ2Vjg5Z1Ywem9ENVBTV1VpTGlfN2dxOUFsR1o2Z0sxT1psZWVPRWZr?oc=5
2025-08-26T07:00:00+00:00,Yahoo Finance,AAPL,Analyst Explains Apple’s (AAPL) ‘Biggest Risk’ – ‘Siri is a Mess’ - Yahoo Finance,https://news.google.com/rss/articles/CBMiiAFBVV95cUxONWVScjMxcWw3T0U3Q3gyVG9DMkdSVGllTzVYT2JkSjFGQjh5ZGdfNlJCN1ZETUN3WjBUbHMzYVZ1WlN3NG1Fb2JFTWpSaDh2N2FLMVZOR2hLOHFGVV91OXo3LWh1aDltTXY0bzlwVnY3VW41M0pTNEwyOGp3cFZXYlZDSThrVm1h?oc=5
2025-09-04T16:03:27+00:00,TipRanks,AAPL,Apple Stock (AAPL) Sours as Chinese Rival Huawei Throws Down Smartphone Gauntlet - TipRanks,https://news.google.com/rss/articles/CBMirAFBVV95cUxQendVWWJvOUhPYmRGRXJVRHB3SEQyY0hrU3VOQjN2a2NFa28xSG42d2NqQjhVZVpsSE92MmplOXF2Z041UVhVOUpYX0taeGJubUV5UEIzZVJRUmZSX3I5MmRZRWlqdDNGRDdVRm8wbnhiWGNvNUc2a3RHVkQ5cWgxOWpvS2V2SmFMZnlsMGRrUlRlRmlzN2JmV2hHSW84cGRxdHhrcjJrN0MxcHVH?oc=5
2025-09-03T11:22:34+00:00,Stocktwits,AAPL,"Nasdaq Futures Rise After Google Dodges Antitrust Penalty: GOOGL, AAPL, TSM, ZS Among Stocks To Watch - Stocktwits",https://news.google.com/rss/articles/CBMivgFBVV95cUxQSlJYaWFKRHdZbDFnZTVXeDJkWHUwTjZ2V1lreUxadlpNVFRxenRURFJtUG5reUZibzZycEpJTHA4a1lTdTdIU19zaVFhckJObk1wVl9wNjhBY2E1b2lkUHVxclljNmR2YUVIQUd5ZHQydXp2ZFdFdnFzWEEwRzBXQ3lBbVpuVU9OMmxxTmJvZ0hfb1RHMFp2M0lwZXBVWllQQlBfYnN5Nlo1RWwyYnBxOVBTbjJxQ0RtNWExQ2FB?oc=5
2025-08-27T07:00:00+00:00,Yahoo Finance,AAPL,Apple (AAPL) Buy Rating Maintained Ahead of Potential September Event - Yahoo Finance,https://news.google.com/rss/articles/CBMihAFBVV95cUxOWFNWTEszSGZnZXloMS1zMWtEdDZvdW9KODU0d05VQy10LTR6Zm4yTlktT1NEWE02TDJCVXN3emFPWnNTeUVYYXJnMnZ0Yml5MGlyTmNhbzNvUm5LSThObm1zMDNPMklpUnJnX2RiQURCcnI3VEdBMG5XNG1nc0YtSTd6Q2g?oc=5
2025-09-03T08:31:54+00:00,Benzinga,AAPL,"Jim Cramer Blasts Apple Naysayers, Claims Court Ruling Allows AAPL To Get Paid For AI, Not Pay For It - Benzinga",https://news.google.com/rss/articles/CBMi7AFBVV95cUxQRldYNVgzcjZuN1lySXgzdVl4RTdqNkFJelN6eVhwTkdYQ2FvS01TRThGTGNWc2FvbFAwOWxFaEpjUmNZY2pzOFdjRW8yTUZJYm5aai1ubUtZMjhNeWVwWjFsUGtrNDlub2hfOE9zcUdZRUcycDk2ellCcmVqdVVNcDlCY3F2NnJSeXFKQ1hJWVFZeHhFazFGUWFIZU1fVlBFb2RlRGx4MGI2ajRCTFkxTzFCY3JZYVNzOG80LXVmS1p5Wmx3bWtvRXI2LVgxZmE4VkZ6MHBSQnlRUHNKVm44SkVWZkNmbWU2MUR5bg?oc=5
2025-09-03T19:51:10+00:00,AInvest,AAPL,Apple (AAPL.O) Surges Over 3% with No Clear Fundamental Catalyst: A Technical and Order-Flow Deep Dive - AInvest,https://news.google.com/rss/articles/CBMisgFBVV95cUxOclpJMjNFaVExOWVhZGVZZlgtVXd5dUwyODZlZ0tmczVwMU5kclB0eGZ4TEVMMllvSDYwY1k1QjB0NE4zZUlhdzBneXVkRnJFaUg5Zy1sVUlnN0hTLW1pbVB4ZGctSkREeGtFMjBJcHNVX3FRU0R6QzVFc29hTjR2d01XR09HTW5sNWY1Ui1BNDJiNmI1MFVKTjJnalh3SkZOWmJacVdjN1p4STVCbUpJR3RB?oc=5
2025-09-03T17:33:07+00:00,Seeking Alpha,AAPL,A $20B Sword Of Damocles Hangs Over Apple (NASDAQ:AAPL) - Seeking Alpha,https://news.google.com/rss/articles/CBMihgFBVV95cUxOY1JsaDBTUERvUTVvRDd3aUZVVGhheGd1MWJnUG92aTN5eGh2a2pqeXZNZHBteE5QN3M0WGtZNU8tSE1RUTMzWFN5U01vUGpiSVBBZXUwbDgtTzRBS0s1S0d3eHRtLXRLNFRERUtHOTZvNk05U0d2RjVxaVV0Ty1CNXhwVXd6Zw?oc=5
2025-09-03T19:40:06+00:00,TradingView,AAPL,$AAPL: Judge Lets Google Pay Deals Continue — But $490M Settlement Still Shadows Apple - TradingView,https://news.google.com/rss/articles/CBMi2gFBVV95cUxNbkFoQ1pDeWNJOExndkVVbHhpOGxHQ1YxcVFSdUh0LWMwMXdtUTBCTnUxWWd4b25XclVSTkQ0OGxibUhXZTQwQlFwUEo4U2tkbUtLQjVya0s5VHRDSjRJTTdUNFpXMGxBdzNuTHVLeDRPN3hWa3lEUWFUVUt4eVFKTVZSWVQ4RVJmaVBneGxjVTc0SWg3THRJQTZ2ckZtZzNsYzNkRXdsSmxDc09JY0xaZTFnZ1NxNEk5LWxyWVNJODNHaktzTDdTNkp5QUQyWXM0dklBM1dnNkh3Zw?oc=5
2025-09-03T15:15:54+00:00,Seeking Alpha,AAPL,Apple: No Longer Bullish For The First Time In 7 Years Despite The Google Ruling (Downgrade) - Seeking Alpha,https://news.google.com/rss/articles/CBMiygFBVV95cUxNMktieG55aDh3TldkdVRLcURNYW5hSHhxYXR0TFpOSXVzNnowOGQzajZhZkIwOEl5eFN4Qm9XQWlJbWF0YnJPVEJYOWM1Z1lnSzh0bVhac2pLdDZNTHUyT2VNWGdCLW40MXBsQ2JvMEhKZVJfbXdFTlRTdEFPbW8tYmFhV19RNFlfbmNaeWJqWUtRZjAwUVpXbkI1Ym5HWnVTS0VHTnc5all4U1lNeFh2QTdTS2hyOUZMRVg0dFlsS2NfMmtjek1JdlRn?oc=5
2025-09-04T13:04:00+00:00,FXEmpire,AAPL,"AAPL, AMZN and GOOG Forecast – US Tech Leaders Mixed in Premarket Trading - FXEmpire",https://news.google.com/rss/articles/CBMivgFBVV95cUxOcEExUFFldTR2dXd1S01fX28wVk04ZUlWaXFZSEpTQVpKVG1WcUFOTU9KM0NtWDYtWmtacmVPSGpqQWh4X2E0WUxVX2JaSFE1S0NubjF1NXRJV3V3OUlWc3BmYm9RUTExcF8zOXhnODIwSTF4MDFHRk9QeDNQZkpnUjdmajI4bnhMcUYydENJYk1MWXJpM2pxUzdOTlJkWS1qOUxOWmxHVGEwcF90NjJzX3hXMzdXRFdLWGVjbGxB?oc=5
2025-09-03T14:41:32+00:00,AInvest,AAPL,Why Apple (AAPL) Is a Strategic Buy Ahead of the September 9 Product Launch - AInvest,https://news.google.com/rss/articles/CBMijwFBVV95cUxOdEVLMENKd04tbnNDVERLSng0cWZGdGRZZUstV3RYOWI2U2RFODJXX01nR1NGSDY5UjVkeG0zVGR3TEFONEptTHFnd1dhYjlibTVQQjNvLUd5d1VadWFORHNBSnk5dEZnU3BmYXk1RU1NdzY3VEFOY3NselI0cVdmOXhCeU4tR3FBRmw5aEZqSQ?oc=5
2025-09-05T15:20:23+00:00,NAI500,AAPL,"Chip Tariffs Jolt Sector as AVGO Jumps, AAPL Wins Carve-Out - NAI500",https://news.google.com/rss/articles/CBMilgFBVV95cUxQWnlfeGNuZUU5Q0JzcXZqa0xNYUx5ZzlyVVJaVUJVVklQSlB0b2RVS0ZsZWZiODBfaUVSWnpFRzJWbVdXTFBXd3JrTmdZOV9CVnN3dnJpTkxMRG5Ka0V1aEstcmFTYlI5RllXa3dCWVZyR2FCS1VBS3dFY2U4SXdiY1E1MTNIRDF4cVZVNFBPVk5mV0JqTWc?oc=5
2025-09-03T19:42:51+00:00,TradingView,AAPL,$AAPL: Antitrust Boost from Google Deal — But $490M Settlement Still Shadows Apple - TradingView,https://news.google.com/rss/articles/CBMi1AFBVV95cUxOZDhXTEYtSHl2VFJELXJpLXNIcGNSYmZseFdEZWlJQjMxN0pMSHZDMDlKRjJEU2t1T3kxVVhqM2R2RGdDaUVNUjBRdGhRSlMxaklTOTF6bnJQY3dhcEx0QW5kckhIcDZ6dGw4ckFJcnhYbDZfOHhCbVQwbnR3WWVLMXpqMDJJU3RYOWJqMGp1OWFOSjBWQkF3dW04c2JDOTdUcHFaczV6dDlvdFQzQ0JsZEl2ZHNhM0YwbVBmOGgzam1ldUFZNGdBMUZQdUdDeUtNVk03SA?oc=5
2025-09-08T04:02:04+00:00,Yahoo Finance,MSFT,BMO Calls Microsoft (MSFT) One of Its Favorite Tech Names - Yahoo Finance,https://news.google.com/rss/articles/CBMif0FVX3lxTE5QNDBlZ0VfZXp3YV90MGx0VjVqbzkydlFnWnVlV081d3pwVWZKMVJEaVc5Wi02YUh6ZTAtR182SmRfMXNvV09VREoxbjl5Uk96ODVkM0VTdDdFVE56d2Q2N0RxYVA5SHJBY0Nna01WMlVmdC04T2pWMktZS2xaaDg?oc=5
2025-09-08T09:26:36+00:00,Seeking Alpha,MSFT,Microsoft (MSFT): I'm Not Worried About Google And Amazon Catching Up To OpenAI - Seeking Alpha,https://news.google.com/rss/articles/CBMiqgFBVV95cUxQejgtQ2hiWENRcFMzRWhDSlR0TnNWeDBmY1NxYjJhcE9XblVjV0JMdHBKQ2xGWFZWc3VZRUJiN191a1pIenZIWnpXUko5S3hlVk1Mbldvbk9hYS1tV3lVcHMybkJsMTZwVVU2eldiQW9YaTJETmpJRXJEbjNacWFxYzhDLVllNl9tbUt5REVkZllKdi02Z3hXM2ZPWUI2QUFqX0MtUHd2RUVIdw?oc=5
2025-09-05T18:15:44+00:00,TradingView,MSFT,Why Microsoft (MSFT) Stock Is Down Today - TradingView,https://news.google.com/rss/articles/CBMioAFBVV95cUxOQU1iNzE1b0hBQ2E1cHVWT0o5WkhrY19aUmw4X203LXVyRUVNaGhBd25Db0RhWFItdnVNTjdGb2JnUEQwME0taUFCY2NYTTByVEF6YURkVS1UZnc4LXRsczBEMkFhbk1fWVI3eERRM0Itc3phZUttU2RfWUJhb3BOYUE1MkgzVll6Z3hVRjBEQVozVDVYalVDQTFPR3RsMWxf?oc=5
2025-09-07T09:46:16+00:00,TipRanks,MSFT,Microsoft (MSFT) Azure Users Face Slower Service after Red Sea Cable Cuts - TipRanks,https://news.google.com/rss/articles/CBMiowFBVV95cUxQLW5vWTdja29GbllvM3lzOTIyLXZmbHozUHExQngwdUFTTmdKSk14MVRWWnBvYURpTTNOaHV5Ql9KZjcxYkwwQklpWjRDU1ZMbGJDUTVmSG9ROG5aMDIwaWRpZnBwdktFSEYtSGtjTTVZRURVS3J2a2sxNU9ZSkQ3N3VZU0lQc244bF9CVDlsbXJ5RDYxb3RsWTl5SnNqYUUtMHdN?oc=5
2025-09-06T15:56:08+00:00,Yahoo Finance,MSFT,"President Trump Could’ve Asked Microsoft Corporation (MSFT) To Invest More In The US, Says Jim Cramer - Yahoo Finance",https://news.google.com/rss/articles/CBMiggFBVV95cUxORnp3N1NRLUN0UGVDbTQ4aWlqUVNUNmtwY0xFUVMyajgxNEQ5Q1RLYzVtbm5jQnloZXV1ajF1ZWZRZHFEMjl5MlRUYTBXcThKdUpxYUtCTEpabFYxbldQc3luejRtczFoWXV5SnAwbVhjMzRxNFRiOWlkSDF6S0NNWlF3?oc=5
2025-09-05T19:36:22+00:00,The Motley Fool,MSFT,Why Microsoft Stock Is Sinking Today - The Motley Fool,https://news.google.com/rss/articles/CBMihgFBVV95cUxOMHlPaXIyLUgteXBoOVhsekMtLUdQRElhS21qOFNaRUFDR2pHb3BkNG9nUjR1OG5GR3hrWUZhcGlPbkNkbGxUYnBtMUpKMDVsdnJGOXZPYnBjSng5dm5XelpIRy1uQWhwR29nM3FiRzdSMU5JMV9SM1UwdzF0Mk5ZQTVRZ013UQ?oc=5
2025-09-05T12:58:57+00:00,Yahoo Finance,MSFT,MSFT: Microsoft CEO Offloads $75 Million in Stock Amid AI Boom - Yahoo Finance,https://news.google.com/rss/articles/CBMiggFBVV95cUxOZ1hEQXBWMlM0dkRydEVqdllya1ZvX2FhQmVLdERmYnlURUVSVUdwODRjMVFnZDlDTDJVRHI1V1hWeU53U3hsWDFBMUhBdzBNYnBkQksyYWM4emVUNGxUcFRrR3JMS2wtVk93YVBBRGNvV2h3UVFzMDdETDBvRlVjNjN3?oc=5
2025-09-06T10:31:39+00:00,Seeking Alpha,MSFT,Microsoft: No Signs Of Slowing Down (NASDAQ:MSFT) - Seeking Alpha,https://news.google.com/rss/articles/CBMigAFBVV95cUxNWDE3MFQwUFVtTDRleE9iWWROc3liSzdYRXJabkJpdkZ1SFNFcHIyY0pFOHUxeEZYUkd2Z2xxSDRyS2tzejRaSGhMYjlzVE8waTNGNUx3SnBHWDRNSV9PaXhDWEs4WUMwbDlNMXhqUDk5WDlQWmdKUzIyS0RfTEgwZQ?oc=5
2025-09-07T08:39:56+00:00,Benzinga,MSFT,Microsoft Warns Azure Users Of Latency From Red Sea Cable Damage - Benzinga,https://news.google.com/rss/articles/CBMiuAFBVV95cUxPVWV2cG9uRzZCcnZvS19FVTN5ZTljc3RpNkhYczRmZWdyM1pJNF9MX2s1RWE1TkU0dHU0QjhQM0xyRjJWTFp1RmQ0UUt0YnYxZEtMdkdnNmMyRkRnbl8wWW1uVDZtdEJXSFNMcmZZUzdVOXdwU3VOUHMwVXNpREk2b0tjQm9ibUltWjZaSHRyZDJWb0RwNmdmTGRRTVNjSHVWT3N0Tlk0dDhBSXJmaHNKc2dXb0lvd0lE?oc=5
2025-09-08T13:28:47+00:00,Yahoo Finance,MSFT,"Amazon And Microsoft Engineers Quit At 23 To Launch AI Startup Bluejay, Raise $4 Million With Y Combinator And Floodgate - Yahoo Finance",https://news.google.com/rss/articles/CBMihwFBVV95cUxOM1FCWENNa09hNENTR2I0X2RxTU1ER19XbjhxekJNcjhOSjJYR2laWWExX3k0NmZ1dC13VFpHamlPeWdBZDdKSElNMXVxMXJsU3VuY2x3OF9fSzhyaHd3bDJzNHlmYXVuTlh2aDdRcnVwZjMzYzdBZ2JKVmV5RHJ5N1BnUk1yNkU?oc=5
2025-09-08T16:33:55+00:00,MSN,MSFT,"President Trump Could’ve Asked Microsoft Corporation (MSFT) To Invest More In The US, Says Jim Cramer - MSN",https://news.google.com/rss/articles/CBMihwJBVV95cUxOOU94ZnZUc3U3dVZhYlJLYjhYeXJ2UWptV3pZLUtsSjRQZm01MGhGSTBlaGlmRlM0UVhONVNRa29MZnNYWG45clVPbjc5N3Y0cXlfRzJVdUpJZFNtc2g4TWJQVk43enBtbU8wUWZiRGZ3MzlmQ3BFZkRXUV8zclhzWG55emtaV09xWlpCZ2dJUGVkMzltb2VzU0xRRHlrbXprODV2SUtETE5sdG91TFZVU0EzX05ERFFvX19NRUZyQnlwenZIQVFFTlA2V2lvejBYVFhOOXNYQTFOVTRLb1d3cWJEMXBXSF9QUlpoM29CU21tVWNxVjVVU2c1SjZfNEF0LUEwQnpFYw?oc=5
2025-09-08T12:22:23+00:00,parameter.io,MSFT,Microsoft Corp. ($MSFT) Stock: Azure Disruption from Red Sea Cable Cuts Raises Connectivity Concerns - parameter.io,https://news.google.com/rss/articles/CBMiuAFBVV95cUxPdjVZZXgyOGo5X09kSTB0aWsyNVpvUzNwdjRLOEJJejVzRXpINy04WEZtTUMxaHNyejUySEZiN29peER3bjlLT3VkZWN3ZEFfc0wwTWpGTlhoUUVmcUdKUmFOVENWMWMxVjYtemlOZGo2aWxEdnhjd0ZsYlNEY3VxZEFTOWVyX0QxSlc3QWhJY0ZqNEJTcHdxTnNwSnI2SmJ1aXhSb1BHLTlnLV9oT09rRWhnLWRSYnVP?oc=5
2025-09-05T19:17:00+00:00,Quiver Quantitative,MSFT,$MSFT stock is down 3% today. Here's what we see in our data. - Quiver Quantitative,https://news.google.com/rss/articles/CBMiogFBVV95cUxQNUFCcF8taHk1Q1VFb1lRSGM0QnhKZWJ6UURIV2lRUHEtQjVXOW9Hck9qOHcxRGR5UmkxNGNGZzVVS3dsa2wyMUN0SWZqeENrUG9YdTlFanJoMDJsVHpmR2RfMUxDaXBkdUdoaExTOGYtM2lvVXFUU2U1bWlObDVSZGZrYm9NekNMLTV2NDNXR0VRUFVTd2J0NVI4ZFk3bmV6U1E?oc=5
2025-09-07T18:11:08+00:00,tradingnews.com,MSFT,"Microsoft Stock Price Forecast: AI and Cloud, MSFT Targets $613 - tradingnews.com",https://news.google.com/rss/articles/CBMilwFBVV95cUxNaEx5ZjE3eFNmUmhRTDlaRnhYU1c5MnZjeW55XzZiRmVUaGphLTZUd3lPNU04RG9kQ3ZDTTR3MmtVOXgwRFNha2lVQmxIbkRybVg5QVdiMGIxTW52czBpRmxTSUdVXzFBV3hjSGJUaWJUZExIOThtZmUtNWtuSzNmcU9tSkc5M2FnLUd6WE9HMUpLcWtxMkFF?oc=5
2025-09-04T22:56:18+00:00,Investing.com,MSFT,Nadella Satya sells Microsoft (MSFT) stock worth $75.3 million - Investing.com,https://news.google.com/rss/articles/CBMiwAFBVV95cUxPQ1I3VEl3OU51YUhVb1I0VTdvU3AyZlhCV2VhSmtQV3I3SkxNTTdiZk1Zd19IMUZlVGpQRGxvd202cDNRRDZRc09rSExpaG9vZUFiaExWX1ZrSk9udGM0dFEzbFVXYTBGM0lHUzFrQng2Mk9uelJEZmpYSjRvWTdkcDZZLTNEcXYzcHlJaUdoakNqWmNMMzQ5N3RQM0lYaUhERWRVM0NmWUVqbmQtMy1JWmJxTUlnMDFlaHEzM3YyVlI?oc=5
2025-09-05T17:32:57+00:00,TipRanks,MSFT,"Microsoft (NASDAQ:MSFT) Supports White House AI Initiatives, Shares Sink - TipRanks",https://news.google.com/rss/articles/CBMinwFBVV95cUxQTllFTDQtOEYwM0pQNUYwa25VbGI3OWZXQ2FEZTdtOVhWUzlkRXNjTzNtd1ptM0xScVZaY2tBT0steWV4cnI0cThHbEREV2dzWE5RX1M0cFNSd0c5VnF5UWJTaEN5amgxbDhlQURDT3NFTzBNbmNCbThvN1hCMkJYVzdmNkRyUEwyZ0kxc3RyUlVjVEhXZzdXNlE4MVhxRkU?oc=5
2025-09-08T12:08:03+00:00,news.stocktradersdaily.com,MSFT,(MSFT) Movement Within Algorithmic Entry Frameworks - news.stocktradersdaily.com,https://news.google.com/rss/articles/CBMiygFBVV95cUxNR2hUbXNfWnpUa25uSGpjWTBEcG1qbjB4WUVHMkNMZ0JRQXp4Y3hNWDVEYVk0U2NFWTRtQU9qSl9qMHVpQmFMbFVmdVNlMV9OVEF3dVhpVzYwY3F4ZkRZbEFINlpIdE5lenBBVUdZTW9OeUhwcnhhRzctRy1kbmF5a2hrQ3RMa1g4UXl3S3o2OTZqaDBfQWdmUjNXbXc2WVRJeXNKQ1lneVhQdjhSbF9zc05vRE9GRE40YjJrRXZ5Zm51N3JJNmtpaWRR?oc=5
2025-09-05T18:15:44+00:00,Yahoo Finance,MSFT,Why Microsoft (MSFT) Stock Is Down Today - Yahoo Finance,https://news.google.com/rss/articles/CBMigAFBVV95cUxPWXVjQjlGd3pZUHNCWGRwV2Z1OGRxaS1kRUVpZ1VpWGtmdllQYmphMEgzMmw2bXBuNmtpYkplLVpnbGM5R1J2WXZVN3NldEhTZllHZHYyOXBLX0R1UGxuX2pFbGowOWotbHpBQ3BmSVJ1N1Z5MExlMVR6N29uanFLMw?oc=5
2025-09-07T18:07:07+00:00,tradingnews.com,MSFT,Microsoft Stock vs Oracle Stock Forecast: MSFT and ORCL Clash in Cloud and AI Growth - tradingnews.com,https://news.google.com/rss/articles/CBMiqwFBVV95cUxQLTF3RFhfRXFaNmpEbUpVTDN2Z21taGxOdldxbDMtS3B3a21PR2FIVE95aTRCUEhjcFR2dk5lbzl1clRZaENOdUM1RkZ3emp3QWxYTmhoR1pxeWNKVDZJRXVkckxKVVU1Q2VOQ2pwODhWYXlqbFhHaWZDcjVmc0NMNFFJQkVxdTEtQ2FvbTVrNzhOcWJETUVCZi1sTGZkQ3FXQjIyU2hKN2p1RTg?oc=5
2025-09-05T06:02:06+00:00,TipRanks,MSFT,MSFT Insider Trade Alert! CEO Satya Nadella Sells $75M in Stock - TipRanks,https://news.google.com/rss/articles/CBMilgFBVV95cUxPVGtUVmpMaW1BcDJCbFozMkEzQjFnWDFSdEZtU1h6MlRDTlpEZ2U4eTdZbS1KYncxbkJmVTBzc084N1h2VjdQRkZmUkJ5UWRpOGQ3bThCWE9mRVZrZWExbURLS05McFB1ai1odi10MkltYWlRQmxLdzRrLXBfMGdzSUNCMUNtc3ZYSDdqb00xMXRtWjMtYlE?oc=5
2025-09-08T00:09:03+00:00,MSN,MSFT,Microsoft’s (MSFT) Cloud Deal Boosts Federal Market Presence - MSN,https://news.google.com/rss/articles/CBMiwgJBVV95cUxNQThkdWcxWW1wWUwwTVJ0VVpUWG1xSXdLSUlITDNBREVNUG5UM1JsRVdnZG1DS0JrRzBrdlZ5bDl3TVNKUWRyYTNaaWh5RkoxdF9xX3RudXFCSVhfaUNsOHJBSU9famd3ZnNkcjVFMzI4VElRRkRzVXU5eFFXS0p2T1RJRUdxaW9wbmxleUxKdmRuakJFanhPcktkNlYxZVBCMUM0cHdTNE10a3gyRFB4cjFHdFl5cE1NMV90TGNBYUVBdW1CZ0RKMDBnb2J0aVBLMzFCUHRXZktJcEpvS2NWWXMweWRaNzh3dXZ1aHhsdk4zbjE3TV92TGZ0eXBrVDd6ZlRmTWpwVmNNdDVqMmhuTm1vTHBuUHAzV25RZWtCOVgzS2xIY21ON0N3VzVYaVV2WGFRU2JYMWx2Q2pnc3dUREF3?oc=5
2025-09-04T19:30:23+00:00,Yahoo Finance,MSFT,"Microsoft Corporation (MSFT) Was Weighed Down Due To Software Industry Woes, Says JIm Cramer - Yahoo Finance",https://news.google.com/rss/articles/CBMijgFBVV95cUxOaGNuRkJhbzFQZDk4dndWQUxJbTN3QUdWQ0RGWm9jeWVfWmd6a2dnUjJRbzBOaTRCRU96ay1qTkJHbm5oU2p3VDNYTEN4bFFkcC1DTkE1Z1d5Nk1WMkZ0R05zcVhSb0NHSWNOZnlsOGJTblg4ejNudzhaSXZWdWRlWE00RUYybEMzcDFjd0xB?oc=5
2025-09-06T11:27:05+00:00,Yahoo Finance,MSFT,A Fresh Look at Microsoft (MSFT) Valuation After Launching Proprietary AI Models MAI-Voice-1 and MAI-1 Preview - Yahoo Finance,https://news.google.com/rss/articles/CBMiiAFBVV95cUxNODEtRmMtdC1SVGF5Vmhrb1k5QTg4enNwWko2RlpnbjJRbzJwbmJDWDBJSThWTzFkX011c0RYa0NubmFjcnpGclUtbkhyRWhrWlJLT3piSFEyVmtUSzBzUVRJQ0hoOTNpVTNYTUF1ZlBFY2NBZDNIQTh1empCelZJZzRveVlsWV9P?oc=5
2025-08-27T07:00:00+00:00,Forbes,MSFT,Buy Microsoft Stock At $500? - Forbes,https://news.google.com/rss/articles/CBMihwFBVV95cUxOSnc4cHlmSTZHczZvOFBHLVM0cWlpa1cyejFqT0t0Tmw3enJQelRWTUhaYkVhUE5pMzVpLW5VWHpmU1N1dDhMUkdUWHhCOVVoczFDSGpMaFZVbGlYOWUweWg5VlYtY1ZBaVlCV0tuUWtibHUzalJsVFBvQTNSclNMNUFqbXg3WE0?oc=5
2025-09-05T19:59:59+00:00,INDmoney,MSFT,"Microsoft Share Price (NASDAQ: MSFT) – Stock Quote, Live Chart - INDmoney",https://news.google.com/rss/articles/CBMifkFVX3lxTE4tbVVoWlBucF9JUXZwWjIwZzVGT2xpVGJtSERXTmQ1X3hJamZQTnkxeUxfeTNKN1pUMkJDaFVZdi0yUVBNNjh0NGVhamJSVER0RmtPQmREbENSWEJMZkZBUHZCT0FrcDNob0ZadS1haXdmcEkyc3JBWFNCSWJlUQ?oc=5
2025-09-07T22:24:58+00:00,Seeking Alpha,MSFT,OpenAI plans AI-powered jobs platform that may target Microsoft's LinkedIn (MSFT:NASDAQ) - Seeking Alpha,https://news.google.com/rss/articles/CBMisAFBVV95cUxPWVg5UmlpTGs2cWpJTGdNTHoyZ0FYQUFSWnNZbFNYRmlqbTFwYWlWTy1FcWdUQTNIWk1tQ0pUZTlFdXkxWlFxX1FGd2cxMUwzTWxCZjd2Tk9sZm1HVjV4UHBCalF0OVIxSVhBUldscEtGUVJSZGh2YkZpbFhNS0VGMFdhSWQwMlZwTjBoM3RIOFJMamJYOWNRWExJRFJIQUhMa3JrY2JId1N5N281ZTdpQQ?oc=5
2025-09-06T12:05:19+00:00,Seeking Alpha,MSFT,OpenAI said to have raised spending forecast to $115B through 2029 - Seeking Alpha,https://news.google.com/rss/articles/CBMikAFBVV95cUxPazhGWUtWSllfOFdSMkIyN0ZBQzIxbU9vcld1MlJoa2J1U0hqSTBZci1iQVc4Y2xyVUZBajdIb1lnVXl0M2daMWRoNzdabmFGRlJwXzZ3Wm1jYzhEMWpBNFE2TWU0YjU4dEM2bGVSWkpUWVNXV05aQ3VuZkJkZE1qR0NvLW52aGZQMHZfQmNZaUg?oc=5
2025-09-04T18:26:25+00:00,Seeking Alpha,MSFT,"SA analyst upgrades/downgrades: MSFT, AAPL, MRVL, and NIO - Seeking Alpha",https://news.google.com/rss/articles/CBMilAFBVV95cUxQVnpFenlIdDRkQkpad2l0VWVILWZhLUh3V3NIeDhQS3FjdVQ4X0paVTZNclZoTnFUWmxHbHo2Z09XUjVlY3lBcEdWNWVUazE2MnZaWUV6dW5FS0VzQnhXSFEtSEpQcTVVNElpMmlScnRtbEkwbzJvVExmSGw4RjRzQ0o4eWlDTVU1NXcxSk85aHc4NnpO?oc=5
2025-09-03T17:31:44+00:00,TipRanks,MSFT,"“That Will Probably Save a Life”: Engineer Found Dead at Microsoft (NASDAQ:MSFT), Shares Tick Down - TipRanks",https://news.google.com/rss/articles/CBMivgFBVV95cUxOeXp6Y2RuazdSMnVsNDN6T0FFOHVpMDRRRHllZW5PdXVfWkRMaU5FZVZ4aG9fd2xZNVlkUkpnSjVyeDQ3VVp6YV9hWmxVQXBhVDc1MGRoUGhjbWpvd0xHc0phczl4NkFFaFp0b3lnV2JpdFlxOFR0LXVObXZwZGUwU2Q3TDl1S2dBZFJoTXlCU01TMHFXaDFLQl9zenZIYVdkaHNkdGNRNVA2bW1adVJROWVpSnRiLUhxNzZ3ZkdR?oc=5
2025-09-04T14:10:04+00:00,24/7 Wall St.,MSFT,Microsoft (NASDAQ: MSFT) Stock Price Prediction for 2025: Where Will It Be in 1 Year - 24/7 Wall St.,https://news.google.com/rss/articles/CBMiwgFBVV95cUxOTTZVbDVvOHJjQVc0T2t1TDhDMmZPY3ZQWldvNW1DSWpSaDhMQWVYbFZBeklXOU5lMjVWUzZOdno0ZnluV05KODhSaXBOS3Y3Y1VoSFdWQU51TW9CTDVISnJlNUl1NkExdVMwaVV0VTJuUGJVNGVWdmIzLWN1RDZLZ2xkVjRFbjlNODd4MFE2VGY1b1pPWGQ2ejVLWVVJOXZRQ3ludHBZUzVnTnZ5NGdtdGdXZEliQnhZc1BCdXF3UzR3QQ?oc=5
2025-09-02T07:09:43+00:00,Yahoo Finance,MSFT,Microsoft (MSFT) Expands AI Capabilities With MAI-Voice-1 and MAI-1-Preview Testing - Yahoo Finance,https://news.google.com/rss/articles/CBMijAFBVV95cUxNY3otT09ldGVoN3FuVnl3ZXVraW0yNXdtc0xGZzR6T0VnYnUzY2Y2N1pRbjhtdXpOTFRPR1YzX0VDbWhLaVFXS1hoREN3Z0toQzlibDRpRkhIVi1YNHZHTmVacGdyYXF0aTE2dE1rQkNKM2VQV2txY2E4VTN5aFFRV3J5cHVfeHE3UEtrbw?oc=5
2025-09-07T15:51:24+00:00,Seeking Alpha,MSFT,Microsoft warns of Azure latency after Red Sea cable damage (MSFT:NASDAQ) - Seeking Alpha,https://news.google.com/rss/articles/CBMingFBVV95cUxPWE9GSU9Ib2VUU0xHTzVoTERvMUQ1LUF2SU5fc2FpeFAzTkw4UC1RYThsQjlsY0lWUVpJV2J1SU9HblM5OGNkaGJrUFl5dzVhNGh1aHM5aUhLLWlCTEpGVGRFRGxtdkd5djVpd2dRcW1ib3pRU21JZ0RNRjgzRVFCOS1RRXpvc0dGcTE2Ry1ab1A5SXpScDRoM19OWnI2Zw?oc=5
2025-08-26T07:00:00+00:00,Yahoo Finance,MSFT,JPMorgan Reiterates Overweight on Microsoft (MSFT) After Azure Growth Acceleration - Yahoo Finance,https://news.google.com/rss/articles/CBMilgFBVV95cUxQNFF3ci1IYlBBRzFnMEdlREZBd2dZRGxyTkt4VElLRTY0QzZkQTJBdkxWanZjRjU5VmhVRTVPTzlRZ0RCeWw4SDFFVWlSaFVKeE9SckFRMUFLRGNwd2JOZUd2dHB3OXNOSF9TanljM1VCbWpJMk1hWVk1S2lyTlUzcDRLbVVtTlNyeWpFa293ZTJZNUphc0E?oc=5
2025-09-04T02:41:26+00:00,tradingnews.com,MSFT,Microsoft Stock Forecast – NASDAQ:MSFT Holds $506 as AI & Azure Growth Drive $613 Target - tradingnews.com,https://news.google.com/rss/articles/CBMihwFBVV95cUxPNHBUWWJwQ3lOUFZZQVc2YjBJb0drdEVjcnBQMTYyT0NiYXNkdGwzblFrVVY2VGlsYUZlQVR3a3BhUDlFOWtkUFBQOVVZbWxnVFduV2pRV2J1NW4xQ1BnWkZuY1B0V05MTkNTS1VYMnFrbUplQWNNc2hCenRvTFpERkpJdzRkM2s?oc=5
2025-09-04T12:40:10+00:00,Seeking Alpha,MSFT,Microsoft-backed Mistral in talks to raise €2B: report (MSFT:NASDAQ) - Seeking Alpha,https://news.google.com/rss/articles/CBMilAFBVV95cUxQTV82RGV1U2Q1cVZWTmpQUTR6UWJZZ1ZFTk56R3VGUGIwcFZGdGRIdi1qMm00T3o0a01Yc1dMU3IzbmpCQ29DNFQ1MFlVZE9IZEJXSWtmcWZiU1hmdFZ3eks5WlcyMEpQa3g1UThmZmM1M2Eyb3V6NXpFVjdBakV4WWxBV0xuM2NrR2tjNFk2VUMxNF83?oc=5
2025-09-02T15:13:26+00:00,Yahoo Finance,MSFT,Microsoft Corp (MSFT) Cracks Whip amid Protests on Azure Use by Israel Military - Yahoo Finance,https://news.google.com/rss/articles/CBMigwFBVV95cUxOcUVfZW1qb0dCdmQ2cTJpY1BINWhxSHgtQloxbzJEN2xsMW1BdHZ0WklBQVRXVGpkcFcxa2oxV21pd0k3ejZKSTN4SFpuVDdfdHNQM3NNWWJKY1NYdElIaHYwdnpwblNCYV9iNmJLS2g2VDZTcldJRHlqX2s0b3FqYmY1NA?oc=5
2025-09-02T16:04:00+00:00,Nasdaq,MSFT,ZM vs. MSFT: Which Video Collaboration Stock Has More Upside? - Nasdaq,https://news.google.com/rss/articles/CBMilAFBVV95cUxOVkpLdjJFSmhDanczR0Z6LUJRLWsxQlpSLWMtOHhJZk1XLVVCRlJybkNaOF8zeVV6SmJsaUo0V3JkNUoxVmhaUFlNUl9uY0h3N2FvVEJsQ2p3eHRuOGk3dk1HZkJDbmdrRlVlaDNpSFNEZ2xXNGlrbDVHWlFFUkoyQWZkRHdkdzFBc25MelU4UnRPeTJJ?oc=5
2025-09-04T17:37:30+00:00,TipRanks,MSFT,Microsoft (NASDAQ:MSFT) Prepares for Big Layoffs in France - TipRanks,https://news.google.com/rss/articles/CBMijgFBVV95cUxQX0J3d3NkcHhiOGNKdm9UaVJ2UFhCdl8yNXZtLUowekpRdGVJbGRkOVhBejRaWGZ5MEgzNlpGMnVQT0lweVRKUDllRjZ2Z1k2SFlnV0JieXBxcmNQSENob0ZUMXRnRWloWE5ockZTdE5RZ2dFWWZDZVJQMDJjbENDazZKVldHa3Y2UUVaTF93?oc=5
2025-09-02T05:10:26+00:00,Yahoo Finance,MSFT,Microsoft (MSFT) Integrates Copilot AI into Samsung TVs - Yahoo Finance,https://news.google.com/rss/articles/CBMiigFBVV95cUxNaDlBQnQ5Q1FQbUluUF9tQ05xNUFBOW9XVjc3NG5mZEF6SUJ4Nll3Tm5CM0Uzb3ozeG1aN04yMC1qbHZZTVpLY1FfY3hsazZzQm01OC1oME00ajJzNGFTY3Y0X0NPZG9YdFZFZ2h5bUhHcXVnTVQwUHF5bk5BU2J0aFpONTdCeFZ4b2c?oc=5
2025-08-26T07:00:00+00:00,Yahoo Finance,MSFT,Microsoft (MSFT) Settles Patent Lawsuit With Virtru Over Data Encryption Technology - Yahoo Finance,https://news.google.com/rss/articles/CBMiiwFBVV95cUxNb195OWx1MG5pLVQ4N0U3R2FYbkVmSE41clBrRHd0WE92NUJsR1NGcjlMNVl4LVN2Ylk3MGo0cmxacmNuNk5PczNkWi04UDNZUFpqV1ZIa1JvQzJtSnloTElSNWc2aFBQanY1TGlscFJJV08ycDZXbW94bjJVb2pxZFpmcUFkNFZSOFp3?oc=5
2025-08-26T07:00:00+00:00,Yahoo Finance,MSFT,Investors Heavily Search Microsoft Corporation (MSFT): Here is What You Need to Know - Yahoo Finance,https://news.google.com/rss/articles/CBMilwFBVV95cUxPeXE2Ti1fbnpYUzBxSFNQaWIxZFFFc1A3UGhjaVdzaGhUdnpfNXFGbks1amZadlh4SzkxQm1SSGQ0aVhNdk9DWEo0VUxEQnVZa0kzeWd6QVlVZlNkYlJFZlRzSXM5bVdkQlpHUGdVQldHMGt2eER2R1hpU0RObnJHWjY2b0lYT1podEg5akNTdnB5RlNLUENR?oc=5
2025-09-03T12:00:00+00:00,Seeking Alpha,MSFT,Microsoft: Buy This Pullback (Rating Upgrade) (NASDAQ:MSFT) - Seeking Alpha,https://news.google.com/rss/articles/CBMiiwFBVV95cUxOdFpJVUJLRTNJT1FaNG8wSlBzMU1oV043eHVrT3hmZlJ6R19tcDkzRDFjX3VBQ1VpQlVVQ1NMYmNDUEdxMmh2RFhhTDl6N0hJc3VoSTBfMGZCalFVbTlRb3dwNkljeTg2RTg5QnFLOE5pS2ZQZzFqdVZEZGthMXBEVV9sSDJUZ0x5ZlRr?oc=5
2025-08-29T07:00:00+00:00,Yahoo Finance,MSFT,"Everyoone Thinks Microsoft Corporation (MSFT) Spent More And Accelerated Its AI Business, Says Jim Cramer - Yahoo Finance",https://news.google.com/rss/articles/CBMikwFBVV95cUxOMTBNWGZLLWswUWMxem5qb2IzOUVwTmhtcElnV3JWUzVwbk5zSjBWXzNwUkMtcDZkemVRanpCZnJFN2F1Y25xZjNMX1N2Y1pwZms3bDR3YnUxOVBhVW05MDMxSnc2TVA0WndFd0pXVDBjSVFSWFg0eUNzVjJVa0poR0l0RHBEMnpOWlI1OFBNanlSNG8?oc=5
2025-08-29T07:00:00+00:00,Yahoo Finance,MSFT,Microsoft (MSFT) Down 4.5% Since Last Earnings Report: Can It Rebound? - Yahoo Finance,https://news.google.com/rss/articles/CBMieEFVX3lxTFBoWkdnU3R1NVNTaEpqSF9GUGNOSEVNQnRzZTRNcVgyS25sY25oRHhwbGs4UldGX3pzbjZOYjI4dGJrRUZGVVZGYmFoZUVxdDZGZ1BybHU4QzJNbTlvZ0FTVW1SNDFwZzJRdlk5WWNkejRwVThKamtfdg?oc=5
2025-09-03T09:55:55+00:00,Seeking Alpha,MSFT,Microsoft is said to cut French workforce by 10% (MSFT:NASDAQ) - Seeking Alpha,https://news.google.com/rss/articles/CBMijgFBVV95cUxNMl9SSlRkaG5vZnE3by1pNWlUNkVDNVBSeW1rZnhRTGtOSGNpc0JxSVd3WUJnUjZvVFJ0dGdnVktQMTJLZ0c2ZlJ1MldkRmJIcEJMNlpoeEpGamoxU3FEdmhvNU51TDVUc1lkY2hHdU8xTkJTUDNEcWk3M3FSQ3pDaXZaSW94Z2REbnU1YnR3?oc=5
2025-09-01T17:12:25+00:00,Yahoo Finance,MSFT,Microsoft (MSFT) Unveils In-House AI Models MAI-Voice-1 And MAI-1 Preview - Yahoo Finance,https://news.google.com/rss/articles/CBMigwFBVV95cUxQREcyVEF2N1VJWFFnQVpEY0QzSUtUUUktSmk5T0RGV1lQRTFWYjd5OEh6Z3B4UWJycFE4bHBmVl9jSHhDYzJKVWZUdlBuOTBfbU9jd1J2bVVIOEN2ajMtRnF4cFFyV2RoLTl2OWFjRDBwUjVhMjFUY3BienpmQU1BNUoxRQ?oc=5
2025-09-07T10:53:57+00:00,CoinCentral,MSFT,Microsoft (MSFT) Stock: Red Sea Cable Disaster Leaves Azure Users With Slower Connections - CoinCentral,https://news.google.com/rss/articles/CBMisAFBVV95cUxQWjQtSG5EMlQ2enU4Q25PMVEwTHA5SllvbEE5dklwQlh4ZXJPWmxKYWlKVHZ2RlBudVNkWjhHUzFEVF9WTTNSajd4bHA3R1FnVy10VWdUUXo5OE96OHA5Y1FhXzBPb2ZTb3JIWTF1VVU5Z2d1Z25jSFdpcGhpUFpRdWs5NUh1UnhyRElCRVBZYzVFbjJUbE1sdGo5NXhjRElsOWJQTVRvRkN4bkVndzRydg?oc=5
2025-09-06T15:18:08+00:00,TipRanks,MSFT,Microsoft’s Bold Moves: Stock Sales and AI Ambitions - TipRanks,https://news.google.com/rss/articles/CBMinAFBVV95cUxOTjd5dHliSUtXWTRzRjExX3pqZlg0cjlzY2xaNi1SQmJKNkRvNm9JSEkwWEVYazRZWUUzNERiNkViSEhhQkJ1OFhTd041YjdYU05mU09QSjhfemtjQURoVDhvTHAyNkloNTRBb3cwX3NjazZVUmItcE9rVVpBS2lCQ0JJLVI4NWN3U25mQzgyd0pKb3VGMnZuU1dWdE8?oc=5
2025-09-01T15:30:00+00:00,Yahoo Finance,MSFT,MSFT Challenges GPT-5 With New AI Models: What's Next for Investors? - Yahoo Finance,https://news.google.com/rss/articles/CBMiekFVX3lxTE8tMXJFZWVsTkQ3T0JTM3dmeURhWks1ZW9kN25MclprUzhoSmVMZElzNWloWEhIdFVwdzQ3VmJpc1VQMkY2bGx6djJZMXZUOUNWNWctbFVCdTVMVDYyek9EV3NMTUczNC1sYzBScmZwRk1KNU51bWRsUGln?oc=5
2025-09-04T10:30:00+00:00,TipRanks,MSFT,Microsoft’s (MSFT) Carbon Market Deals Leave Amazon and Google In the Dust - TipRanks,https://news.google.com/rss/articles/CBMiowFBVV95cUxQN0JJd3ZXTDFGTXVpYVRDRlFwWW9sQUstZUZKSVB1RmdTakZqVWZxZGlZM2ZhdDRIcG9TNGlMa1R5WXVlMmFtWXl2RWU2dkgwaTN1UVdVemZkc0pYZGdyN1NOemw3bnB2SUZXeXBJS2JnUG5PZG9qZGlLMjBCbmdyakhqNGVDQWpOU1pGRWdSb0RCZFZwQU5tV0RPU1dGWmpKeHpn?oc=5
2025-08-27T07:00:00+00:00,Yahoo Finance,MSFT,Microsoft Corporation (MSFT): A Bull Case Theory - Yahoo Finance,https://news.google.com/rss/articles/CBMiigFBVV95cUxPSGNydFhITmF4bURaYkRQbjRJbTRDY21tSmtkUFVLLU10YkdGTzIwb1dJTG93RmYzRFFnR3lfTlFVSmk4SlhNMzZ3THgzR2N1U1hWRzRLWnFVcGFtTWI4NmZyQTJUNWVaSlFqSXNoVmhtbDZ6YlhBRXNuSjBnVTZjVmItTDVpQl9aY0E?oc=5
2025-08-26T07:00:00+00:00,Yahoo Finance,MSFT,"Microsoft Corporation (MSFT) Gains 21% Since Cramer Said Had ""No Idea"" If There Was Any Weakness - Yahoo Finance",https://news.google.com/rss/articles/CBMiiAFBVV95cUxQQXoyeks0NjFxT3N5YWFuV1Qwd2wyZEgxNDNMM1Z4MXlxazRRMFp1X25ZR3d1VGVQYUZLbmg2ODIxZU1rdURPd0R1YmQ3SW9FSnFYT096VFVrN0pRZ0pFdDlfV1ZrV25qMHpBckgyRklQQkhxa3BEOXNLTFVEQTYzZXBBVTNaaU9B?oc=5
2025-09-03T13:48:18+00:00,parameter.io,MSFT,Microsoft (MSFT) Stock: Why Microsoft Just Beat Nine Other Trillion-Dollar Giants for Wall Street's Top Pick - parameter.io,https://news.google.com/rss/articles/CBMixAFBVV95cUxNeEhwa3pFc20ydTBVaWZSNnUzT1pCVFJub0VRSnVCVzFteUxkelhweTJPNTFzOW5hUGdvUDY5VTdYZEtqUGlTUlpOODl6SDJMaVVINVZadDhwS0JhMERsQ1BHaXB4ZE55MFJnZVhnVklaeVZ3MUdlY21iRWFGSms0a3JhZjNGMlhaemJiQmwwNk9sQUQ0U3dPZFEzOEhUbHQ3aEFMY2dqR2dtWWJSLUdhbDZEaXlEaXIwRjNtSXU0RTZjdzg5?oc=5
2025-08-26T07:00:00+00:00,Yahoo Finance,MSFT,"UBS Maintains Buy on Microsoft (MSFT), Citing Confidence from Pricing Moves - Yahoo Finance",https://news.google.com/rss/articles/CBMihAFBVV95cUxPUTEwZEtrXzJLNEpnTjZyX3FwTkJBeWNzYzhQLTVfai1adUdVemhmM2NSWS0wSVlvRTBtSjJ1aWtWLUpTV09OQ2QxQUZLN2ZpT0tSdGthTXBkRGxVbTc1Y0IwRDZnVDJYVUxDTGJHOTZDUGhNeW1sUFhlc3RpRXhKMWFXSkc?oc=5
2025-09-03T15:00:23+00:00,Benzinga,MSFT,Competitor Analysis: Evaluating Microsoft And Competitors In Software Industry - Microsoft (NASDAQ:MSFT) - Benzinga,https://news.google.com/rss/articles/CBMiywFBVV95cUxOOTVxX0lJSEUyam56SHQ0dzBVS1c4UmdNazMwMnlyYlFhZFBLWGRSazJEWkZudUJXOV9tZ3dhQ1UtU0lvSGJ5VjJJUXhZQzlXTU5HZGlRajlWbTVXLWdxUlo1Tko2MHlLcUR4MHYxVGU2RGRjSEZ4aGNjaF9sSGFvdENxNXZWdW5xaFdSRUpBcWFIdEEybDlJMzkzOHd0WDZPS2Vpb0tfZUU4R2UyUlR5bGFiY3hTOGlac19ud0VwSG03Q0o5MS03Mjg0MA?oc=5
2025-08-29T07:00:00+00:00,Yahoo Finance,MSFT,Microsoft Corporation (MSFT) Announces its Quantum Safe Program Strategy; UBS Reaffirms ‘Buy’ Rating With $650 PT - Yahoo Finance,https://news.google.com/rss/articles/CBMilAFBVV95cUxPU3V2Y2xKMUZhTXdWQWx5TGFoU2JmRFlxZUh3ekVMYW00Q3BoVGVwZU90dktzMk9WQzk1UnB3VXh0WkhHb3EyQWQyQkthTHpZSEV1YzJtenc1dGp4bXdVVDdHOXltQ291eHVvc2M1WkJOMVI3cnJ2RFBLN1ZKVHRUZE0xaE1fSDRMY3lZd0drNkp4Ymtu?oc=5
2025-09-03T23:13:44+00:00,Benzinga,MSFT,Microsoft (MSFT) Scored With Minecraft Movie: Is Call Of Duty The Next Box Office Hit? - Benzinga,https://news.google.com/rss/articles/CBMi2AFBVV95cUxQMlpXb3dZcG9oMnBBdFFCZlNMM0s5WkJ6bWF2RTBKU051VUJBbzFlSDIxYkxwa01FQ0dfWFdRWjk4VEJVT0RnSUd0WjlzeUVMdFNpbnlVNmRya1h5SDBvcEY3TzByYzMtdGRFeWliaUswVkNwY28zNmFuTElMZWk3eW1TamF2NHAwUXphSDRtc05SSXozUDFUUDhlemh1OUtCTy1tN1R2Umc1bU9fVTVjS2xBLWhidTc1V0JtR29Iem04dGtxZS1YZzNKUU1qMjRpVjBlaGRKVDQ?oc=5
2025-09-08T13:24:00+00:00,Electrek,TSLA,Tesla (TSLA) sees US market share of electric car sales drop to new lows - Electrek,https://news.google.com/rss/articles/CBMiigFBVV95cUxQNFd0bmZmTTVRN1NNakFhQXJ4djNoYzNEVGFBc2Izd1pDbTFoZmU0a1l4Vkx0RUhkZHBVb2pxRFVhYk41YXJyN05oMnZGRHNHNmZCTzNHN2hTUlpqcGJGdDM1d0tkRmt0X2dqbmVRUHljNVc0TWhkNk5ielpxUjJGQXJtX0FScGw5TWc?oc=5
2025-09-07T14:08:18+00:00,Yahoo Finance,TSLA,Tesla’s (TSLA) UK Sales Grow Amid Challenges in Global Delivery Markets - Yahoo Finance,https://news.google.com/rss/articles/CBMiekFVX3lxTE1RUlVyMEs4MVBrZlU0SDNoa0FGbzRFdjc4dEk3TW8tRnllQTl6dm1nWDNSWUhDMGZpTU9qeVQ2NXJNdlVVVWNYaXQweEtWMi1JN2JKamFhMWZtZmZiTlN4WTR2V1ZzbDBja25qMzBqUDdVemg0eldPanJB?oc=5
2025-09-08T13:30:23+00:00,Reuters,TSLA,Exclusive: Tesla market share in US drops to lowest since 2017 as competition heats up - Reuters,https://news.google.com/rss/articles/CBMizAFBVV95cUxQbGQ2cnFabmkwd0hNczBsU1JQeWxzcUZfYk9kMWI2TWI5dWZ2ejExX2RFTnQ0blljczMwTEEwSmNVZFZ2dDN2dUxzRS0xM3Azd2hiZ0pvamJzdHhUN0VqbGpneXB6cWVuV2dfNTNJWTUtbGM1Q0x1OEc2Y0s3blpITHhJXzFWRXRBeF9UQTlXTF93ZnVyNjhoQmxIUHFoanJKZ2cweW5mWWlMQzhUMUVzRmVkNjk1T3pwNmtPZ1hFNlZJR250RkM2RGRuVVY?oc=5
2025-09-06T22:22:23+00:00,TipRanks,TSLA,"NIO vs. XPEV vs. TSLA: Which EV Stock Has the Highest Upside Potential, According to Analysts? - TipRanks",https://news.google.com/rss/articles/CBMiuwFBVV95cUxNanRKNjVJNmtOdG9xV1lTbi1sWDR4Z0dfbktBRmI2REZvZ2tUYWdIQWJyZU5zdnhhdnJnXzNUOEJkM0ROM1VMQ3RZLUNtNFJxRGZJdFBBQnA2UlFlc3huUThWaWh1RDg5MUZxS0lBOEpmQjl3bkN5dmdRN3E2VkdGUC1hNktsUFBoMkg0MjU2ck9iWkEzY2tUVmlSM0xJbkxvYUdoeFdaZndUcURjb21zOEdNWGI1LUJtSXhV?oc=5
2025-09-08T15:25:36+00:00,Seeking Alpha,TSLA,Wall Street Lunch: Tesla Market Share Struggles (undefined:TSLA) - Seeking Alpha,https://news.google.com/rss/articles/CBMikAFBVV95cUxQNHBiZXlJMVJRRzk4cVRRZ0hDSzlxUlZ2V3NvcnVrSldicGoxWERwSFhaTEVpbTc5Yl9ITmxxMXNnU01jQ1JIZ2V3RDdOUkNUYUFubXJzejg3aG5zb1ZLdHhtOUNJZmJBcFp6WHQwaWQtbWRxNXJvbW13Ylk2TWxQVGthTWsyOVRwYUdacFJpVVM?oc=5
2025-09-06T14:05:00+00:00,The Motley Fool,TSLA,"Tesla's New ""Master Plan Part 4"" Could Be An Alarm Bell for Investors - The Motley Fool",https://news.google.com/rss/articles/CBMimAFBVV95cUxPd3RtcF8zdTJodVlNV3NjTmdQbW1vcG1vUlFsT3BxTlhEZUozeDduamlJVHNqa3dZMkhTcnktRkMzZVRuTU9FYVU4UUlCTTMwY1VUSkhuQXZQNHNvT2c3cGM0LW9TbFAxM0hfV3hTTzhsY0hsdTZoWGdaaC1wWGhnX01URXpQSWR4cWc3aHZibm5Mdnl1ckRzLQ?oc=5
2025-09-08T14:26:46+00:00,TipRanks,TSLA,Tesla (TSLA) Rivalry Grows as Mercedes and BMW Roll Out Luxury Electric SUVs - TipRanks,https://news.google.com/rss/articles/CBMipwFBVV95cUxPM0dGQm9UOGFuOHlaeDBVZ1E2aVpiR2E2U3JBZHZ2Zl9FUlRyLVRQNmJXZlpxaE9xRm4ta3luNE1EMG1reTA5Q0E1aTBHenl2MDNoR1hrUHEydE55WXl1X2J3dnF0M0Zxc3pVcVpBUXFrS29SOTduVW9CYV90OEE4cEplNTFvRmZPbVhMUG5yWkc5MS1NQkxZX0hyN1BNZEx4Tmp4eFJDQQ?oc=5
2025-09-08T11:42:51+00:00,TipRanks,TSLA,Tesla (TSLA) EV Market Share Falls to 8-Year Low amid Musk’s $1 Trillion Pay Plan - TipRanks,https://news.google.com/rss/articles/CBMiqwFBVV95cUxOcGItRFlybGFNWm5fOVZkeTgzc2I2TkVEWGY0aDZpc0tQNE5rQlJyZk1aUi1ZcXN2bXRVQmp5N1pDUXpJbWZFQjVsUU84Z2lPb3FCZXRHbVBXZmxXVUZVTFp0SHdSWDhHRVBMVlFaem92SFhFR0V4bF93ZjBnRVFwZ2phU0N4X0ZYaXJJVnk1QkVVOU5hVWhQcEM4R3NCcTlGUjBVbGc2SFdQY0E?oc=5
2025-09-08T14:13:18+00:00,TipRanks,TSLA,Tesla Stock (TSLA) Defiant as Robot Rival Unitree Plans $7B Chinese IPO - TipRanks,https://news.google.com/rss/articles/CBMinwFBVV95cUxQemQ2b1NlZTZaLUdBZG1wQV9vZlBjazZwQzRQZmYtOERTeTVnbERtTnZhdFl4WGhnc2ZEalBTSUt2emp6RWdwY3RZLXhLOVVrcEYzeVJia2JiZEtuNzROT2psazhRcW01VFFtSEpBMnc3ZlByRS1BZDRyem9kVGFud085MU85OTNtZG95ekFua1A3OVlxSUd1WDJBeW03cTQ?oc=5
2025-09-08T04:11:56+00:00,Yahoo Finance,TSLA,"Tesla Stock (NASDAQ:TSLA) Faces Uncertain Backdrop, Says Wolfe - Yahoo Finance",https://news.google.com/rss/articles/CBMigAFBVV95cUxQZ2haNmpHSnRMbVNlb0FVdURWZ05vTUtzLXdQcE81ZXhPTTF6NUVTN2wyc2VfNVE0VWhjLTRfdGlPaFRBel9DLTJiX1dzdTdSdmlGckRVaTdqZ0VLWWRWWUNYdVNaUGRlQnAzdVJMNmJyZ29pLU1SOVY4RlBaY091ZQ?oc=5
2025-09-08T13:51:00+00:00,Barron's,TSLA,Tesla Stock Is Up Again. This Matters More Than Cars. - Barron's,https://news.google.com/rss/articles/CBMieEFVX3lxTE5vOHBMX3REXzg4YkRLbU15ZF9pLXRNNUpRVFRmbE9WTVMzTUtlS09EVHIwZFIzV3V5SVIxTGFDRkVodFdwUUJCNzFuazFBZEJQdEsySmhKeWR4S3FzckdEdmxtYWcxekZUODN5V2MxSER0X1NtYUxJQg?oc=5
2025-09-08T14:35:08+00:00,24/7 Wall St.,TSLA,"Tesla (NASDAQ: TSLA) Bull, Base and Bear Price Prediction and Forecast - 24/7 Wall St.",https://news.google.com/rss/articles/CBMioAFBVV95cUxPX2xjRnloN1R1V2JQVzBZQ293b212SmZBOGs4a0hrVmpfQk1aZWxqUkNWV194Zl90MzU1ak9Xc1lZQlZtM1pFZElFZXkydkxnUWFlejNLTW8xRGNxM3diYWpYM18zQWE0bkt0QXBmTVFKUzlfaEVNMzhGZ3JldDkwX0lUMUU0ZnhaMlFwNWNielRmLVBERnVxczdUZENVR3dm?oc=5
2025-09-08T07:41:00+00:00,The Motley Fool,TSLA,This Is My Biggest Worry About Tesla Stock - The Motley Fool,https://news.google.com/rss/articles/CBMijgFBVV95cUxQZEc5ZzdGLUNsc1pVLVZ3enI3RWJRbzdacnRjeTRHek1GSEk4X08welhDQjNkYzFTNGZCVVVPVTZuVzZndVdYQkRWbWdIM2tIRUpIek1XNUF6X3ozV3F2T21TTm1jS0piZ0l3SWw3ZE4yUTk4VEowQ1RKdTBJZ3RRVFBhSU1MR1JyV1B0SWF3?oc=5
2025-09-08T15:55:00+00:00,Shacknews,TSLA,Tesla (TSLA) U.S. EV market share has reportedly fallen below 40% for the first time since 2017 - Shacknews,https://news.google.com/rss/articles/CBMifEFVX3lxTE1wVHJkU05ZNjhYT0hFazM0U0NxRktZYkk0SVpVeENrWDgtVDFiSDFWc2plZkV0RExUX0VBMk9OOXpBcTJjS0tlQzM3VEc4VVllOE5hZUhJYXlLODBrZkJoMU5IZDdGRWRFTkF4RGRJSFFpbzdManhrSld4eErSAYoBQVVfeXFMTThYMndjVTBNSEVDR0FLRHlnM2hYVklHSk50cHVVTzN0LThIMG5tS2xONnZzeGdvMDNWRTl3LWZ3dFNlSmdVaXozZjNrQ0oxY0hSMUVlbW9xSnhOR1FfcEVwZHFGQ0x0aVdPYnBiWWhuZXFpWFphLWs5T25WTmVOUTJvY3F6MHljb0hB?oc=5
2025-09-08T14:29:31+00:00,Yahoo Finance,TSLA,"Tesla (TSLA)’s Entry into India Sees Underwhelming Results, Reports Bloomberg - Yahoo Finance",https://news.google.com/rss/articles/CBMifkFVX3lxTE9NdS1IODgydjlySV9qYU1ONW5LUVZLb2FYV2lteW5vMEpJd0Z1MlRjVm03OEV0MkZnUjV6UmlRcUFja0tkNlNtc29oQXhraGIxTGVDdDJTbkduRzhvVjdxLV9iUHFUYlVaQ3RMQTViSWl0cTh1dXBWajVXaEVjdw?oc=5
2025-09-08T12:10:38+00:00,CNBC,TSLA,"Here are Monday's biggest analyst calls: Nvidia, Apple, Tesla, Palantir, Oracle, Chewy, Roblox, Alphabet and more - CNBC",https://news.google.com/rss/articles/CBMiiAFBVV95cUxQdjhTLWVaeUl3S1BvanBpaXVZQTFfSDZfeDJuMVpwSmZFc3VIcFFEODd2Qll0eHpGQUhTLTZ6T2c4MXcwdTNaZ2wtWmUxNFFxS2lsNTlUQlJBdjZzN21ObVRINFgzdkRic2xKR0hMSG54N2NtSEYydFVMbFdLWGVmaG54WXJsY2Uy?oc=5
2025-09-07T18:06:43+00:00,CoinCentral,TSLA,Tesla Inc. (TSLA) Stock: Musk’s $1 Trillion Payday Comes with Sky-High Strings Attached - CoinCentral,https://news.google.com/rss/articles/CBMiqgFBVV95cUxNeldfaWpWVFNTYjlsOXp6dG82dzRVRkg0NV9hVm9pLTNKeEVfM1UtZEhtcnd6UkdFazJJNXlNOWhIaERTUlBaSGNUMEhydFdxd3BlXy1jNE1JWWNmZmFHNWVvQVF0VXZYZmlnXzYyaDhibjZWWEFidEduNDlwQXVYVVlPd1RFT2hZVDNHZWpwenp6QmU5TlFPbFVhUzhRYy15ZDZHRGRGOHhmQQ?oc=5
2025-09-05T14:49:00+00:00,Electrek,TSLA,Tesla (TSLA) board fully loses its mind and offers Elon Musk a pay package worth up to $1 trillion - Electrek,https://news.google.com/rss/articles/CBMixgFBVV95cUxNRi1zRFowSWJYbVVZRjJWUkl2cXpCM1F4Zl81X3JmVjg0dWxrN05GUUhhYWVzb2dRempTamhza1pGd2NmVE5fZEpCbWhxRGQtcTBzOGpPSW5McHdsaVdvSktlX1ZqVG1mcUxacE05RUMxY3ZuSU9weHNFMmdaUGpDVzlndTRWTUdLZGdSeXhWWTh0Z21ydERWdHpmcjg5MG1FaldLS0VFeWIybXR3cE90R0tEY3I2RlpoMHRXazVCWXpwMm9teHc?oc=5
2025-09-06T09:50:33+00:00,Seeking Alpha,TSLA,Tesla Investors Just Got Two More Reasons To Buy The Stock (NASDAQ:TSLA) - Seeking Alpha,https://news.google.com/rss/articles/CBMioAFBVV95cUxOYW5LMS1RUHc0aHVVOVBUbDJuZkhVanFoNXM2OUctblh6bGJNVFZkTzdjeURXN1Z5eUswN0tjV2xidUQxUlNVNGtnaTVfVENsSExWNTdyYzNhWlk0RVU4WE9nNFR0V3VlREQtV05jTlVmUnJoQVZ4dnpzQUFkbE54YjZaVUFMbV9QalQyTDF0REtnVmFzRU5zbWtESnJ5akxY?oc=5
2025-09-03T18:46:09+00:00,Yahoo Finance,TSLA,Why Tesla (TSLA) Stock Is Trading Up Today - Yahoo Finance,https://news.google.com/rss/articles/CBMif0FVX3lxTE85bXg2RldYZWhzTWJ0UDBNYWNyVkJsZlhESG5TakNESFNiZ3BBWTZnN3NuNU1GLU8wRWhPcW1Lc3Z4X0dWUXJnaDlsaG1pdVhXQWV4TVBlMkNTR1RrNjFCRGs1V2lNWmlQZTlVNXh2bk02VkQxZ21XYzlxaUFqQW8?oc=5
2025-09-08T15:50:54+00:00,Seeking Alpha,TSLA,Musk's Trillion-Dollar Tesla Package Isn't A Paycheck -- It's A Dare (NASDAQ:TSLA) - Seeking Alpha,https://news.google.com/rss/articles/CBMiyAFBVV95cUxOTjB4YUdkYmM0X0xjbm9JdjM3SmhpZlF1VWZvcnF1bDQtQUk5REtLcjJUaGpjdWJLdHp1Y2lIVnFvOHd5ejRaOTVON1pkczFTc0hqUV9HTENjbUpXcU9PdkJVN2RFR0JvSHZ3cFQxRzBJSXJTREZGNFZqZkJ5cUN5eVlPQXcyWHZVUDgwTDR0VzhsOWFyZmxRaE91REY0QmtROWo3VGJKNERCQTFVRy1yUGM5MjhNM05jMjhHTjFKWi00b1hFR0xyOQ?oc=5
2025-09-08T10:38:04+00:00,Seeking Alpha,TSLA,Tesla’s US market share falls to near 8-year low as EV rivals gain ground - report (TSLA:NASDAQ) - Seeking Alpha,https://news.google.com/rss/articles/CBMiuwFBVV95cUxQWFVrU3oyNlJ3UzFTWWkwUTRTR2FsQ015dVItbFg4TU5SQ2V3UzFFTW1WVld6VVRSeHNETXlYZkR5U3Nub0pIVWlMYzNhWkUtdlFudDRSZ1VnbVp6bnBQTEZKeWRadTl5MFk4V3IwblhzR0FoMHJERHlOZzM5djhhQ3FiSTcxNGgxak5ma3gtcVlrWWRlRHNRMUV6SnNVR1c0ajdzVmJlVlpnMTBEaVE0ZU11VDlvQm8tM2lN?oc=5
2025-09-08T11:20:05+00:00,MarketBeat,TSLA,"Challenger Wealth Management Has $3.61 Million Stock Position in Tesla, Inc. $TSLA - MarketBeat",https://news.google.com/rss/articles/CBMi1AFBVV95cUxPR3dwcmdNOW5qb3A1d0puZF85UzZfdFdyRTluV29CYUw5Y05teHlXb3B4bFYzZFBJT0Q0RzNvZ1ZzVFdCZVE1cm9SXzcxQk41bTR5ckZwRGVFMFdUcW5OMGQ3R0d3VFk5SmUzTUNqNmU0Y1U5LUNVcDNYSDczVXhaNWtYcGx6dGdLcmlBem5JOVllRmVWbklPSjB2QUdNVHBrd3ZFLVQyVUdRV3hMd08ycDJiVGFvLTItT01wUF9XT21PX2hjaXlEV3NNVzM2XzdmTm40Rw?oc=5
2025-09-08T12:45:00+00:00,PR Newswire,TSLA,"Tesla, Inc. Sued for Securities Law Violations - Investors Should Contact The Gross Law Firm for More Information - TSLA - PR Newswire",https://news.google.com/rss/articles/CBMiggJBVV95cUxPcC1idnlkNm43Q2QzTFFmQXVINHZGUkkzN2NiR0pXZFJXSzV1VFVWMHgzUXc4djZ4NGxPZ0pSYTliWEtNcExGa3BZOXNNeDBGRjRTbGZYY2JPX0NkZXlrS3l5Z3I1VUFHczNEMnNWQ3JqUG5OVlA2bWQzckJrRHY4QlpRZzNOM2g4LVhEY2dUZTN4bDFJblctT1ptMWxobXpHYVQ5Ti1TUXlyYWlJVmkwVm5LbkROVGNEMDV2Y1R3NHoxbXQwd0VLZE1iU0ppZzg2a21DaHNSQ3JUYzYtWGZOdTBPSV9icC1tNnAtVXJfRDlGSFhNa2hxN1dBUUNHYS1FRVE?oc=5
2025-09-08T11:58:33+00:00,MarketBeat,TSLA,"Tesla, Inc. $TSLA Shares Acquired by Fred Alger Management LLC - MarketBeat",https://news.google.com/rss/articles/CBMivAFBVV95cUxPZ1o2cGgxSFBRX1dVX3pzdURzRUFSNndfTk1ZMWJsVFR2NG9hNHpTZWYxeTEyZVpORnRXTzdWa0hjaUdyQzU4eEM4Q0M5TTljVXpJaFMwa1NJS2cxZDh3aHhzNmxSdGdXckJYeU5iemYzWWM0Z0QwOEFkZ25XaEhYY3VPU21HeVdKaXVxWVpjcmxRb3k1LWxCa3pNLWNKdll1RFk0OF9IOFlEdUc1TVdwV0p3bnlXSDRQcmZFRg?oc=5
2025-09-08T11:27:37+00:00,MarketBeat,TSLA,"First Dallas Securities Inc. Buys New Shares in Tesla, Inc. $TSLA - MarketBeat",https://news.google.com/rss/articles/CBMivwFBVV95cUxQazZycXM1VVpOX1I1OWlvQ0MzSnh2NnZMZTFMc1lsRzRHUVk3bjNybU92VW82b2llYmdET0VqOFFpWm1xbHpTazlKRlJMSE0tSFhpY2VXM3BJVEtSdG9nTkY2UTlxa3ctZVlfVDJ0blBpcXBrSTVpZy1yR2VsekxBMnVxMkdaSGNPcC1tWW1QSzhfbTlLTXVOY2J6YWNhdmpQUzlDbVAzSjlmSXVuT2RwXzE2SmEta0Z4US1MZnNlbw?oc=5
2025-09-08T04:26:01+00:00,MSN,TSLA,"Tesla Stock (NASDAQ:TSLA) Faces Uncertain Backdrop, Says Wolfe - MSN",https://news.google.com/rss/articles/CBMi1gFBVV95cUxPc01TQnZFTmlicnBTLTN1Mmh5UXk2UzY5N3BhLU0xbEdiX0N3dzNCRHVtWHZJQU9KODNFRnhUN0t2Y1ZkZUgtRUIzcjROTVpXOThDSDViNU1DSVNKeENGbGdGelJ4MlpmTnpDRlp0SXN3bUZDQlhGOUFVaW5BWnFnN1JEdVJxdVJVNVE2dlBuWUdTc25jMUpRMnVmcGY1R3JyQUoxNUtJNGZCeUFiX3RtMzlUTEgzcUhXS2JaamVrbG1MZENQRjZhX1MtMFA3LXlYclZabXhn?oc=5
2025-09-08T14:38:22+00:00,Investing.com,TSLA,"Tesla future tied to Musk, AI ambitions—Morgan Stanley - Investing.com",https://news.google.com/rss/articles/CBMirgFBVV95cUxNbFBlN3F6OEhWS2JKTHp3OGhlQVVUM0s0UXdUd3hreE41R3h0QmY5R2Vnb250OUtWWTlQSVdFdUcybW1FMjRiWXhzRU5FdlR3bGtDUGk2VU1nc19FUEhpRTljd0ZqdlE1REw1cW5kNGhiU1RSRWVxNzBldVE2c3dpR3RCaEozaWtLcERPZGptR0RwdDhyNkFaZldzeTNKNFQ4LS1YXzBXck05dVM0Ync?oc=5
2025-09-08T08:49:00+00:00,MarketBeat,TSLA,"Advisors Asset Management Inc. Sells 755 Shares of Tesla, Inc. $TSLA - MarketBeat",https://news.google.com/rss/articles/CBMiwwFBVV95cUxOaFJLVW1sNFMxUW5BTjJIQm5jcnJ2Mk5FRXlBU3RqdnduNzJYcndTYUdDSFl0LU9MMlZ5TlRNZmRXOXRtVW1OYURnYjgyeG5DZURiMEpTVzJXbFBGZXBwZHJHR2FnS214Mkw1N05rdmJJaDJXX3NuRjdNX2NEUmQtaFM0czBvaWJOYXJDNGEtMVoyc0c2OWRJQXFKRG9sOEh3OUVfbHBiRjhvSG5NVjdNV2pBZEM0aWJQdnNPbWNyS0FoM0k?oc=5
2025-09-08T10:57:00+00:00,MarketBeat,TSLA,"Temasek Holdings Private Ltd Grows Stock Position in Tesla, Inc. $TSLA - MarketBeat",https://news.google.com/rss/articles/CBMixwFBVV95cUxNaXBlSTBpVFM5bHJQU19NQVlBR2ctdlBmcnFFc3dXOHdlQ195ejJJMGpNZ0I1UXNFWFlZaUVBVVZyaW9JV05BZE5uUjMyT0tsbFozSGdraEZ5UWNuMlZXV3pqYm9paklxQXJubkl2UnZ4UUpoUl9lZFN3X0paNlhQQnZrbTQ0Y24tV0pFUlpHb0duM3B4c09BVmRRRlcybmd0cGkzS1FBYzNfc3pQRTF2OTAweTdrUmRpWG9yWnBVVUptSXdCX2FZ?oc=5
2025-09-08T07:57:40+00:00,TipRanks,TSLA,Tesla Stock (TSLA) Draws Mixed Ratings After Musk’s $1 Trillion Package - TipRanks,https://news.google.com/rss/articles/CBMingFBVV95cUxPOE5OSmYwMXhJRk5Jc3g3bldZWjFTcGRBbXp2Rm94cjhjZzZTaU50LTQ3dF9uNlNsdVVGc0VwX1l6YkZJU3F6STVveDE5YWphUDBwTG5tZlMzdXR5VU1XSG40VFpDVWVmZEdSa3lNYV9RbWZ6SzVITVE4MlBQWkJyeVhka2FzZE5xZHBmMHNwYXBzaDdYZFg1b2xQWEJudw?oc=5
2025-09-04T12:40:09+00:00,24/7 Wall St.,TSLA,Tesla (NASDAQ: TSLA) Stock Price Prediction and Forecast 2025-2030 (Sept 4) - 24/7 Wall St.,https://news.google.com/rss/articles/CBMijAFBVV95cUxQXzJfUlpPT0hDM29NTXE2VElZSzVBZW1CSnR1R2hYTVlCVkJ4anBEaTZkcVZacURWRlhxS2xtQkptcjRraWZvc21VVXN1MXhIQ1lUaHFKQm4zclV6Yl9WeHVNbURFQkhEbmJiV1UzLTJiemxrTm9LRGJiSkVSZUJNOWVYMmZtQmdYM0ROSw?oc=5
2025-09-07T22:37:09+00:00,TipRanks,TSLA,"‘This Is a Critical Step,’ Says Daniel Ives About Tesla Stock - TipRanks",https://news.google.com/rss/articles/CBMikgFBVV95cUxOX21CdEREbUc4Rmx3MEhxb1hDWi1WaFowa2Nwc3A3VGhuNXpZaGlsNWxRS0RLS1U3VzNwMWd5cXRKeEdOR2xDLUxLZFNOQzR3dWhheEtpdS1aRktxTk5qb3VIbzMtblBzR2oxeTFiUWhMTVBMVGFGbGtBel95OWtoZnp0MDNzZ01DNEpTUXo2QUNiUQ?oc=5
2025-09-08T10:57:00+00:00,MarketBeat,TSLA,"Everstar Asset Management LLC Buys Shares of 4,954 Tesla, Inc. $TSLA - MarketBeat",https://news.google.com/rss/articles/CBMiwwFBVV95cUxQWUg4bUhoU0k3N2RYYnVSci1EVVlmcHpHQUhoVTFIZEhoOXdKTF82WGVhbmhyMkZ2aThXUWxxSGN3MnoyRl90VGJBM1ByRk95M21XMU1ZOWc5elVNOEZtT0Z3VkFaNXdKdEVfRXhTaF8ycVRsOUhyWlgtMGVESlpySElZVFRRUW0zUGFaam44TFFQMkNzRVVvcTFiRld4dXI1LWNIdTBqWm0wTDZFOFpLb013MEF2NTg3bXlMR1dDNUJaNmM?oc=5
2025-09-05T12:56:15+00:00,TipRanks,TSLA,Tesla (TSLA) Plans $1 Trillion Pay Package for Elon Musk If Ambitious Goals Are Met - TipRanks,https://news.google.com/rss/articles/CBMipwFBVV95cUxOQXJrWnZfcHhReFN5ZE0xWDNIeGsyU3F5Z2x1aWpFUURfTGpvUHkzRVlzVU1QZm4xcVlRalBFdDVRbHROVldQQmN3dXdFdHlvRjFSTFJfVnRacjZKVUFGeVpTX3JOMjFZVXNIc1EwS1U0SWpac3BEd3c5OTRYZk85dUhTV3FxMlFnUC1Qb2t4d3BSZTNhaGZjal9iU0ZDTXpubU9YSmtTSQ?oc=5
2025-09-08T13:54:43+00:00,parameter.io,TSLA,Tesla (TSLA) Stock: Market Share Plunges to Eight-Year Low as Competition Intensifies - parameter.io,https://news.google.com/rss/articles/CBMipwFBVV95cUxNbDRyOWVXZTlfUHI4Rko2SzZpaG1jT1ExVTV1Mml0LVF3RTZSamtwVXZEUmlwWEJwUlhmelhpN1ZTdFRMWTFfd1BhZ0Fkcm9DOUpqNWk0X2wtOWJwX3UtZTAzbl9Cc25Kd1IxZUNINnc3bi1Jb0NDcUtTWWRKYXVnN1V5M196WmZINkVoQmNLdVFqcDlzOTZHRDR3Y2Q4TDl0ZFlDM0MzWQ?oc=5
2025-09-08T16:27:39+00:00,MarketBeat,TSLA,5 Clean Energy Stocks Poised for the Next Green Rally - MarketBeat,https://news.google.com/rss/articles/CBMimAFBVV95cUxObE9Bc0NuR3p2eEVSMUc4VXF1aGFvWHpkeWVnUGN0ZjROMktZTnBLZ0FsY195SjI3N3dFSXBYWXRoUS1FbV9TR2pNZ2h0Qk1JOXBMQ1lUTzVubFJmTFhYYWdfVGNVNFFoNXUtVWNYQy1xQWFPWVJXSnk5eUJfbERicDBpS2ZGejI3QUZPdFI5S09JZ1dwcHRxbQ?oc=5
2025-09-02T15:42:00+00:00,Electrek,TSLA,"Tesla (TSLA) received just 600 orders for Model Y in India, report says - Electrek",https://news.google.com/rss/articles/CBMiogFBVV95cUxOSUVXTEdCOGJRYzVRTWgtVGkxSFRxZWdDQ0pfNEx1QnJuSlQ3Yl9XQjVRT18ybVlIeEhzbEFOdFduRWdjZUlHWHE2Z3RaTXNzWl9LRGEwd2tyVmFSMjgyM09hUUJiYmFXblFfRndHYmNHZ2VncTBCdXNoYVRaR0d5WThDNzNtN2ZKTTJPU0tGZTVWbDhkamxfSi1fV29JNlFpc2c?oc=5
2025-09-05T13:44:00+00:00,Nasdaq,TSLA,Tesla Master Plan IV: Does It Really Change TSLA's Investment Case? - Nasdaq,https://news.google.com/rss/articles/CBMinAFBVV95cUxNLWl3bExSR3J0WjhmajA3NUNCX05ma3BoWm9fUmxpUjVCNzJ0MlZIaGJTd1JERVFfUFVnTWxVWXZ3c3pRYnFOa1d0RHBmQUw4cUppTUhqRHQtdkljeXdFaExOOFRsUmd4N2VOZXRIaWZPUUVRd2JhcXJNMkdROUx5QTB1OFdjMUtacUxQbmh5eUxGbVMtSTFqVExFQ0U?oc=5
2025-09-03T12:46:36+00:00,Yahoo Finance,TSLA,"Piper Sandler Reiterates Overweight on Tesla (TSLA), Sets $400 Price Target - Yahoo Finance",https://news.google.com/rss/articles/CBMikAFBVV95cUxPZWtadUc1YUptSVBvRkhZV0ZINExuUjQ2RG1kc2F6YTF3U3RMN3ZWak9RLUEwX1hYUjQwUXZtcHJoVzhkU1BGSXRsOEhuX01LdHNNQTlGNVR4bC1wWE1hM0dOOS1IdTJBYm9YQjJhU0x1bjhSWnVuUW9MaU9XekxROGFNanVlcFpHeEp0TGNtaVc?oc=5
2025-08-26T07:00:00+00:00,Yahoo Finance,TSLA,Tesla (TSLA) Stock: Goldman Sachs Reiterates Neutral on Robotaxi Launch - Yahoo Finance,https://news.google.com/rss/articles/CBMiggFBVV95cUxQamhZc3dpdEloQ3MteHJBRWxSR1V2OTJEUW95TEQtSmo4Yms3RGF5ZUx4cFV2VU82T2hDY2xJNlBKM0xLUzJISkFJUW40NlFGSUxkdTUzanotbTJ6SVhySGpuYXhRSzZDckJsaTAxa3hoMS1XcE10TjU3c3pfelhEUWVn?oc=5
2025-09-05T12:15:45+00:00,CNBC,TSLA,"Stocks making the biggest moves premarket: Broadcom, Lululemon, Tesla and more - CNBC",https://news.google.com/rss/articles/CBMimAFBVV95cUxQaEdRckI2ZTUzNGxXVDZzdTVJalZvT1pYd3pWajRLTzJGM1hHU0RhR2NJaU1KQm52NDR1QkpXVDZtTENlV3UzYWxOSk1obFZfSVRVUGNzQ29yRGJ6eWxQLTVXNFdsajgtLUMzRW1VcjZ1NHVqV3Zsd1Q0b1RtY1NoZ2wydGVfWFlHUFl4RDI5dWxuN2EzV1VtWA?oc=5
2025-09-05T13:00:03+00:00,Seeking Alpha,TSLA,"4 stocks to watch on Friday: IOT, CPRT, TSLA, GWRE (SP500:) - Seeking Alpha",https://news.google.com/rss/articles/CBMijAFBVV95cUxPcHh3c2lMSUswWVNXNEE0OXp5RmFWTjhSQ05zblFOY0diSVhPcU13VHlJUE9WQkplTXE3QnZ6Q3JxN2Q0WDFxTkYyUjNGWjNSQVpKT0pLcXNpUXYxSDloeGdJY1ZpdUNEUDA4dnhqeFV0TTVYQmY3ek53ZUZCQm92aC13NjhuLTJCWENqWA?oc=5
2025-09-05T16:23:35+00:00,Yahoo Finance,TSLA,TSLA: Tesla Shares Climb as Musk Targets $2 Trillion Valuation in Pay Plan - Yahoo Finance,https://news.google.com/rss/articles/CBMif0FVX3lxTFBGeGtMQTFBSmpfNWlLMHd0bThOVkc4ejg0aVQ2c2FjeXFQTEZFTlBJaElRR0dsazBuelhMVmp2TC1iNzdIZTl4N1pxWk5pbGNUVzNnUi1hcUYwTnNJQjUzU2xOc0NwTjN2WF96S0xHYnRPQi1NLWtMNHM5WGx2Tzg?oc=5
2025-09-08T11:48:09+00:00,StreetInsider,TSLA,Baird Reiterates Neutral Rating on Tesla (TSLA) - StreetInsider,https://news.google.com/rss/articles/CBMisgFBVV95cUxOM0NvNU1WdWlWM0ZRSEV1VFBZLVpxb0VCR3l1ZHRqQ1Z4czZrWEl6bndFbTVxejBId1VuQldNRWNfRmVvdmcyZXZIaUdGVWp6aW9mbTJFOVBzUGVOS0Y4MU8yYzFXVjcxUF9rVC1ZRFBXQkpUclhCLXgyYXU1dFZuYzZRUDJqSHpJbDdkNnVUNkRXLVpmc2lpM1dORzRJYUtBd1V1c19neTZjUXZxdFM0SlhB?oc=5
2025-09-05T19:59:59+00:00,INDmoney,TSLA,"Tesla Share Price Today – Stock Quote, News & Live Chart - INDmoney",https://news.google.com/rss/articles/CBMibkFVX3lxTE1qYnRYb1o3OWxVa1N0ZUp1Zi11LVBHaUNTNGhON1ZxSUM2bzh3VW9jeGpoVWdkd2tQRklodWtpYnQ2aHBNLXR6THNqMm83RlcxY1QtTU02eUd3MDd0RHlTUVpzQmVEYml0X1IzenlB?oc=5
2025-09-05T19:05:10+00:00,CoinCentral,TSLA,Tesla Inc. ($TSLA) Stock: Musk’s $7.5T Plan and Record China Sales Drive Momentum - CoinCentral,https://news.google.com/rss/articles/CBMioAFBVV95cUxPUHdtMkd4aWM1VXlQdWc2NnI1VV93QUhDSzJwQXJRUEw3VG4wNDJ2UkhSeFFEa0lwcmxNRXlFUkdTdWVQdWw0dVlJMWtvSFUxbmx0cjdzUHFqVWtEa01QaUYzN3RXemNxN2dURlYwWk01WnhyTjQ2eFJUWGJJR0R1SThRelV6ZmpjM2p3cFFGNnJiNWlMQkthZ2JpVW1FNkRx?oc=5
2025-09-08T10:59:41+00:00,StreetInsider,TSLA,Cantor Fitzgerald Reiterates Overweight Rating on Tesla (TSLA) - StreetInsider,https://news.google.com/rss/articles/CBMixgFBVV95cUxOMWN1REtWaEZpWHlyN2R0UGpUS2M1MDUwb09hUDZRbE9FU2RWQ0FDT2prUG93SjdyTEF0Y3BNTlRDSTl1Xzc2TnZzaC1hdUVLeW5Tb2l1c2NZNmtRYm0zaWVVRWhzVk1XYXdIRDZDQ0dyNFAzRFpCWXhuU0EwZU5DOHdCV243Qm1xRUtoUzBhVGNDOFpaSkR0SmtvRENXdU52cG4tblcydlA0S3Z0RjI4MjJKU0dYa2w0d0JoZnRBeXR4V2Z4R0E?oc=5
2025-08-26T07:00:00+00:00,Yahoo Finance,TSLA,Analyst Says Tesla (TSLA) Stock Alpha is ‘Exponential’ If Elon Musk Does This - Yahoo Finance,https://news.google.com/rss/articles/CBMigAFBVV95cUxPYVYya01kc0hrTGJzSy1zcHljZHRrTXM3LTEzeXRlZzRiMVpGSFNTSkN6UVlPbXJlUTZvQlpRNURVZUUtUkFPY2ZHWkVNWFFfejJoOVpWX0NDU29qLU9FMXRQYU9GMmVaWjZWZ3dKcWlQWjRHYkk4MklsX0J2aDFzdw?oc=5
2025-09-05T12:45:00+00:00,PR Newswire,TSLA,"Tesla, Inc. Securities Fraud Class Action Lawsuit Pending: Contact Levi & Korsinsky Before October 3, 2025 to Discuss Your Rights - TSLA - PR Newswire",https://news.google.com/rss/articles/CBMilAJBVV95cUxPV0hVRFhmSDRHbXNfeW1TbTlMbEQtcWVtbHc3TmVGZkdZbWoxUVltREowMGFadHdXbmhJRHhkTlE1TnVvREtOcjNmYklIZVA2QlM4OXhVNEQ3QnBGRlU0bVVIN1JLRkQxOEFZNzNqTGJ5cnY0Z21xc2dJM3pfUjl3cE4weWtvdV9MNl9sNkw3U0JDYVAtWkpiU1RmaFlHVHFCSXhLVV9xOXV6Vm5CZ1FWYzk3aF9tUFVaVzY5U2V4NTNNS3dvc1RrbV80emFaUm1iY1pMaVpQclB4dmxmM2pRZDBFM1hfUVBXUU1sVU9BQ2J2ek9RQ3VQYXhtdV9nZDRHZEFlM2NYMnpNLXBuQmFwc3owQ1M?oc=5
2025-09-05T14:53:51+00:00,Tesla Oracle,TSLA,"Tesla (TSLA) Robotaxi app crosses 2 million downloads on its first day of launch, beats Uber and Waymo by a big margin, more - Tesla Oracle",https://news.google.com/rss/articles/CBMi9AFBVV95cUxNc1pISUl4dDA4MHZDOFdNRlRjQ1g3UGU4azBzbVRRUkxybTlhN0wwcUJjYUw5M3BTMjAzVGZzUk1XbjNyUTNOVUdlenpBZWR6bHlQNFQzeUFMc1dwcmVwWkNFWTZoMmktMDRuRk55OFRiR2szeTdJWC1yeVE4Wmh5NzdvUEI2X2h5T3VVRWN0X0NyUTRDTzBKUEY5c0s1R20yRGJmN1BUbmVmbjNGX2ZtQVN5c2t0QjNsME9VT1kxUjc0SEdoMkdEMmxQWFBPMDI0d1JJUFczZjJTWEtFUTFoOUhQaDdMV1N3dFJxNGxobnlUQ3U1?oc=5
2025-09-04T07:37:25+00:00,Seeking Alpha,TSLA,Tesla robotaxi app now open to public riders (TSLA:NASDAQ) - Seeking Alpha,https://news.google.com/rss/articles/CBMiigFBVV95cUxNb3hPUW5Bejd6QVRtdW9iOVpyQVFpWHNCWkVTS2NnempSSWZxdkhuTDdTNzN0cE4tWmV6R2V0aWNRcWt0eEJ3cmY3SDNHR01NRVlHLXpnRnlPWVE1c1FnYkgtVllJTnhSdFNQdnZaaTB4X2xRa083RWM4cFhZN1pIRHhmSkc2NHJyT1E?oc=5
2025-09-07T12:41:20+00:00,MarketBeat,TSLA,"Redwood Financial Network Corp Trims Stock Holdings in Tesla, Inc. $TSLA - MarketBeat",https://news.google.com/rss/articles/CBMiygFBVV95cUxQWVprQnN5bGxMU1dWVEF6Ry1pYjNVMXJZRXJ5NGZQaTljV0VZS0E2a1FFWFVOcHRBbS1FbFZZUVo2TXM3LVhDWVJndnprUGUtMERIUWd4Rm9NS1NldzVHcWNnc2tRQmdkTndHT2xsa2ZIOWI4VGk2cVFHa3F0VjFNZ2VHMkM5cno2X1dod3BuVUNvWi1ILTlVREJXeXZrN1h0Y1l3WVhxb3p3MUdNM2FxLVRtSVBMU1g5VEg3WEwwb1VFVHprWEVkSm93?oc=5
2025-09-05T16:34:56+00:00,Seeking Alpha,TSLA,Tesla Hits My Target: Now The Stock Is Running On Robotics Hype (Downgrade) (NASDAQ:TSLA) - Seeking Alpha,https://news.google.com/rss/articles/CBMiswFBVV95cUxNajB1ZGNWOURPOUhIdXNMYkdXeXJHdEo3Q2tLOHZOSlRnejNQZnhOOUZUbjBqN2xRMnpyLUtDdTFFYkdEWFhYd0NuZkxoZW5pUjFTanVJeGVERWx2OVBnVndGX1VpM2ttSW0zX1o0R2d0TjM4WUpudTNNTnU1SnhSRmtLYWF1eGU1UXRIbFBzSTl4NVlUTFRTZXRHdVBvVGlnaTdqYUpzaEdJV2J6eUxGLUhObw?oc=5
2025-09-05T15:25:00+00:00,Shacknews,TSLA,Tesla (TSLA) proposes $975 billion pay plan for Elon Musk that increases his voting power - Shacknews,https://news.google.com/rss/articles/CBMimwFBVV95cUxOMFJJMV9Cd2psZGl0bElSNmNKQUtpaENyUVhSWGFPbFhzWjR2MkR3Q1gyOVpTWGVXVHUtV3ZZeEhxdTZ1M2tWVEJ1M09oQUxPVzNQMS1Jd1h2RF96U25qQnlxd1hlQmpZYjJKS0FKbEU1czNOamdocDVPNVJUckpqV1RQU2NuSFBCaHZLd25wX01KMzZhXzdEdjNEONIBqAFBVV95cUxQWWd0YlhDUzlodzVtLTd3Z0lZR2J6WkcwWWlNOUtILUhZYzJYRVZSZHNYZkNEdkNLTldLZWxCMUIwUXNXUU9HUmwwbGdqdWFfQTZVS0ZHdE4wTHN4Z19UR1d3cEVleTF0SkZNWUplSTQ5c2x3R20xVkpZMFhHRFJhZmhlZDNpX3BqN19Mc2F1MFdoOGdUZWxTS1pWWmdNTlBnUUtwVDZuRGo?oc=5
2025-09-01T13:01:43+00:00,Yahoo Finance,TSLA,TSLA: Tesla Sales Plunge 84% in Sweden While Rivals Gain - Yahoo Finance,https://news.google.com/rss/articles/CBMifEFVX3lxTE5BQ29HQUpqUXBRMW1XWFZySUZFNWlwRU1sUFlLMDA4NkZKTG04b1Q4UFlXeng0bzdYXzZDYXgyam8xY0JGVHN6T3NrbFpCb3BmYWlqdXQxRy12LVBha0NIWDNCVnExQTgzUkw4X0xCendxeHVUMXVzUEMxeDA?oc=5
2025-09-02T10:05:51+00:00,Yahoo Finance,TSLA,Tesla (TSLA): Assessing Valuation as Share Swings Spark Fresh Debate - Yahoo Finance,https://news.google.com/rss/articles/CBMiigFBVV95cUxQamhKV2hSYWhSamRsS3JvaTNQM28wckpyd3FNcTJWWkFhYkFROEhhcFdCbGlMY0ZPb0M0VWhVejF5ZEV0RFJwMmtGVEd3UHBUcnFnT2xlNy1SdVlfakVSTFpiMEJjeGpWXzlMcHNaTUZnSGJRUEQ4cTJYNVByUkVWMXBGeDc0QTdYa2c?oc=5
2025-09-06T11:57:36+00:00,MarketBeat,TSLA,"Nearwater Capital Markets Ltd Has $23.58 Million Holdings in Tesla, Inc. $TSLA - MarketBeat",https://news.google.com/rss/articles/CBMiwgFBVV95cUxQb3V4RkdERVYycU9MWXNWYkdSaXlLVHpRVFdibklwN0t6UER6RWNNbTA1SEVzWHVxVVpQZ2h4V0JwYjBrODlMcndsV2tWSHRHbkltaF9ERTlLOHJkSnhkZG9oazI4N0pfTHNGQlFoMXluTmJxRDhRSGZXa1pHZVlPWmZCbUs3dXQ3RTgwa3dReVVDMG54SUlDaHJOc1JNODVGeGt5V3VjNGNGQ2VlNVJ6bkNqcGJvUmVQMXpUb3o1WFNPUQ?oc=5
2025-09-08T09:45:41+00:00,StreetInsider,TSLA,Active options: TSLA NVDA OPEN AVGO PLTR AMD AAPL MSTR HOOD - StreetInsider,https://news.google.com/rss/articles/CBMiswFBVV95cUxNMWtQN3VXdWhrS0toQ0praHhaX05OMkd0cU5GX2V5UmxrM0hENGZiQW5LVmFzS2ljeDFhMk55TnZOQzBlVVlVZFdNRDZ3U2EwTmdOX0tPYmdXaUdYZTV6WTl2ZTlkdXJ4cmlWM1FYcVVVNDF0Wm1fUFFhb3RKam1WSVNXVnRiSVdFMGZDaHR2MGM5RzNhWVk3WjFDVm1FbFN6U3J6aHhuT0F3X3NGcmI3S1RiYw?oc=5
2025-09-01T15:40:02+00:00,Yahoo Finance,TSLA,BLBD or TSLA: Which Is the Better Value Stock Right Now? - Yahoo Finance,https://news.google.com/rss/articles/CBMif0FVX3lxTE5EQWN2LWoxV3o1SVJvNEZjT05laDhVeEo4XzRNRy1jcEVGQkhPTm5aN2N2OTZyRFR5MjRUUkFMN0E0Sy1HUVg1TFN5dXZpbnVNY29WbTUtZmpFWDM5OVA0eTdrRW9IXzdBNjRNaC1lbXRiV01hMUtLUlU5TDh0Q2M?oc=5
2025-09-05T13:21:08+00:00,MarketBeat,TSLA,"Tesla, Inc. $TSLA Shares Bought by Hancock Whitney Corp - MarketBeat",https://news.google.com/rss/articles/CBMiswFBVV95cUxNNnE4RUNobDFINzE0LTR4WUV4cG5sNjVBMmRFMWZqR2JxY196RG1PTzk5SnZXWm1IeFRvYzJNRlJqZUZ6ZDJoNXFqRW15ZE1MaUNBOEpObWdSWUo1Y1JBcXBtOXl6RkNVVXpDakU3ZDhGUW9sVkJORXNBLVhLelNEWmNqbjdWVzZiUjZGWmE2azQyN1RaeUYzYVhfZXd5ZUVZaTZ1VkZhb2ZoRGsxZXpnLWcwSQ?oc=5
2025-09-05T12:33:45+00:00,Stocktwits,TSLA,"Dow Futures Edge Lower Ahead Of Crucial August Jobs Report: TSLA, AVGO, LULU, DOCU Among Stocks To Watch - Stocktwits",https://news.google.com/rss/articles/CBMitgFBVV95cUxPeWFuNFhhV284ZFdJTjhMR1BuZEx4WHpqR2lQeGlpazZ4LVRhMFBRQy1RQ3FMdVR1TXlVZ1FTS2pjN1VOandzeWxUNmRzb2FqOVg3RHpVdHc3MklYQTFWaVNqcFp4WFItTmhGTlRXeG55b3FyY0ZKbW8tRlkzS05hekplcXZTX0swa2diLWVUZ0lCc0RKQWFnSXRTcDZmVGR2WXZ5Wm9iN1lXWTFNYTNfcjRkWXN5QQ?oc=5
2025-08-31T07:00:00+00:00,Yahoo Finance,TSLA,Tesla (TSLA) Faces Market Share Loss in Europe but Wins Praise for AI Advances - Yahoo Finance,https://news.google.com/rss/articles/CBMigAFBVV95cUxQdWVCZTV1OU1VTlY4NG5oRnhTZ0EwM0tUZGY1ZC1BcFhEdHg5Z0pyeWZYMGthbzJwMTlOTS02WEhlcEs2dnpoeWljRUhlREhJYU5Ddm5pWXVfdUR1Qy12X3YtMHpkckdTcTQ3a2ZmNGNLNHpIYjc2SU5CSFNhWnBUbg?oc=5
2025-09-07T11:24:50+00:00,MarketBeat,TSLA,"Tesla, Inc. $TSLA Shares Acquired by Pinnacle Family Advisors LLC - MarketBeat",https://news.google.com/rss/articles/CBMiwAFBVV95cUxQTnhqWUhQOG1hOWNoUDc0TmRmb2xCMHhfVG12ZVhNc1JwOGlSajh0VkpRazdXU3VoXy0zMDZkZGJKaXR4R2VBZnhxWDJWVTJLWGdUaC1uVVBKOXg1WEtybExxTFB2NXdfS19tOTFpeDd3NnFUSUZpVm1FVGtQZEhaV3RIdHdSRW1TbmZaTGtRakY4TUNIX0FBNl9HNlBOVVlLN1IwcVdyZkp2bEQ5Y3o5M3AzeWp2OVJ5MUh4eXEwdy0?oc=5
2025-09-05T15:05:12+00:00,Benzinga,TSLA,Tesla's Stock Rebound Looks Like A Side Effect - Benzinga,https://news.google.com/rss/articles/CBMinwFBVV95cUxNeE9lNGU2b003eVFvOXBQWGFhOFNkaFM2NlBETS1xa21pMjBnMHpjRFFrNHJVekhJMmxrWE12ZG1ZSXR6UDlEZU93aFg1OVVlbnhUUnAwaVV3RTlfdnRIcjVDQjd5MTRyV294S3lVNW9FOHFnMWFPdFpqeDRzLTRyazc0WmNVR19OQVRKM21ucVNQRjJueFhEVDZ2VGx5Vmc?oc=5
2025-09-07T11:51:24+00:00,MarketBeat,TSLA,"Paradoxiom Capital L.P. Takes Position in Tesla, Inc. $TSLA - MarketBeat",https://news.google.com/rss/articles/CBMitgFBVV95cUxPeUhaQnhsaFZGb3g5S0FFX2pJalNuQ3d6MHdma2ZTNWQ3a1JLYlpiVVk1Y2lUSktpdzkzQ3RYUEhGSFl0QXJwUXVtTnVWY1hEUU96M0ExMG1fLW1QRDhhYUk5WVFwSldMeWVobFM1NmJTeWNhSTIzUERGWFdXM0Fnc3NZcmFuemlfeFFjcjlqWDRKWnpGak9GWTZUZzdoZGZrQ3BENWo3M2pzby03bGtmMVFqQ195UQ?oc=5
2025-09-07T11:06:07+00:00,MarketBeat,TSLA,"Plotkin Financial Advisors LLC Invests $321,000 in Tesla, Inc. $TSLA - MarketBeat",https://news.google.com/rss/articles/CBMiwgFBVV95cUxNcmI2azRlSXdFOGJBeDNPVE9NVWRiZEw0eVA0cUNGbDh3dXEtVF83YXBSYzE1NG5LeThOVVF3R3RiRXdHM1BEaWpkZkVQeFA2Xy0tbW1zR1o4RURaTmM1My1lbW5vLXVJZVZUWV9oa1pCaXhfa0c5SjNRSGpfTEd1OEVTbkozcWFQYTBMUHIwNzE3TUJrWm5ZcXNTd0dWUlQtZUZONmhYVlduelVlYlduaFpzS0ZHTmVrWUwxUVRoeTZrdw?oc=5
2025-09-06T11:16:07+00:00,MarketBeat,TSLA,"Tesla, Inc. $TSLA Stock Position Decreased by Investmark Advisory Group LLC - MarketBeat",https://news.google.com/rss/articles/CBMizgFBVV95cUxPdmthWktJRnRSYmRaZTF4bWRTNHIyLWd3MzR5aGRTMTVsbDJpVDgyTDBXMWxNcldJWDVwTUlOeE94eTRLVllkc3prSXBZUUcyMVR1cWRGWnE2QXBkbGE4TUx5OEdEU0E1OHo3SkJWd0xNVWkxNlpYZ1BBTjJZUEpTTGVIMkstZUtTSEFURF9zSTA0MnNLX2JGMVNIVDlrdDIyeUI5MXFFbEZUOExFZnRKV3cxb2NxNEY1b3JGR0pncWVxR2Fmdl85dHRadjhtUQ?oc=5
